Место,Ф.И.,,Дата рождения,Разряд,Команда,"ДСО, ведомство",Соб. вес,Толчок,Место,Рывок,,Место,Сумма       дв-рья,Ком. Очки,Вып. разряд,ФИО тренера(тренеров),,Вид,в/к,Год,Соревнования 
1,Бенидзе Джони,,1990,ЗМС,Санкт-Петербург,ВС,62.95,145,1,144,72,3,217,20,МСМК,"Кириллов С.А., Огарев В.Я.",,Двоеборье,63,2017,Чемпионат России
2,Рябков Алексей,,1993,МСМК,Тюменская область,ВС,63,127,2,146,73,2,200,18,МСМК,"Мартьянов А.В., Алтухов Д.В.",,Двоеборье,63,2017,Чемпионат России
3,Бутенко Евгений,,1995,МСМК,Новосибирская область,НЦВСМ,62.75,117,3,148,74,1,191,16,МСМК,Бутенко А.А.,,Двоеборье,63,2017,Чемпионат России
4,Гаджимутелимов Гаджимирза,,1995,МСМК,Калужская область,,63,103,4,121,60.5,6,163.5,15,МСМК,Трофимов М.А.,,Двоеборье,63,2017,Чемпионат России
5,Егоров Валентин,,1985,МСМК,Ярославская оласть,,62.9,89,5,128,64,4,153,14,МСМК,Гоголев М.Н.,,Двоеборье,63,2017,Чемпионат России
6,Бежко Павел,,1985,МС,республика Крым,,62.85,56,10,124,62,5,118,13,МСМК,"Верещагин С.И., Трофимов М.А.",,Двоеборье,63,2017,Чемпионат России
7,Айдбаев Ильфат,,1989,МС,Тюменская область,,63,70,7,95,47.5,8,117.5,12,МСМК,Колмаков С.И.,,Двоеборье,63,2017,Чемпионат России
8,Дереглазов Семен,,1997,КМС,Томская область,,61.95,56,9,110,55,7,111,11,+МС,"Ажермачев А.Б., Чепуштанов И.В.",,Двоеборье,63,2017,Чемпионат России
9,Симушин Андрей,,1990,МС,Челябинская область,ВС,62.45,74,6,73,36.5,10,110.5,10,МСМК,"Денисов И.Н., Лихачев В.А.",,Двоеборье,63,2017,Чемпионат России
10,Дымов Дмитрий,,1999,КМС,Томская область,,61.15,60,8,86,43,9,103,9,+МС,Иванов Д.С.,,Двоеборье,63,2017,Чемпионат России
11,Ховалко Василий,,1993,КМС,Омская область,,62.65,52,11,59,29.5,11,81.5,8,МСМК,"Анасенко А.В., Донских А.И.",,Двоеборье,63,2017,Чемпионат России
1,Сутягин Валетин,,1992,МСМК,Томская область,,68,134,1,148,74,4,208,20,МСМК,"Полянский В.С., Чепуштанов И.В.",,Двоеборье,68,2017,Чемпионат России
2,Мартыневич Иван,,1986,МСМК,Омская область,,68,133,2,147,73.5,5,206.5,18,МСМК,Елисеев В.С.,,Двоеборье,68,2017,Чемпионат России
3,Щербин Олег,,1989,МСМК,Санк-Петербург,ВС,67.55,113,3,171,85.5,2,198.5,16,МСМК,Кириллов С.А.,,Двоеборье,68,2017,Чемпионат России
4,Усольцев Александр,,1992,МСМК,Тюменская область,,67.7,97,5,164,82,3,179,15,МСМК,"Ефимов А.В., Бутыч В.В.",,Двоеборье,68,2017,Чемпионат России
5,Кузнецов Данила,,1996,МС,г.Москва,Динамо,67.85,109,4,131,65.5,6,174.5,14,МСМК,Шаповалов Е.Г.,,Двоеборье,68,2017,Чемпионат России
6,Панов Алексей,,1991,МС,Томская область,,68,72,9,175,87.5,1,159.5,13,МСМК,Денисенко А.В.,,Двоеборье,68,2017,Чемпионат России
7,Алексанян Давид,,2001,МС,Калужская область,"СШ""Маршал""",67.7,92,6,97,48.5,7,140.5,12,МСМК,Пянко И.А.,,Двоеборье,68,2017,Чемпионат России
8,Петровичев Дмитрий,,1978,КМС,республика Татарстан,,66.65,89,7,82,41,8,130,11,+МС,Шакиров Ж.В.,,Двоеборье,68,2017,Чемпионат России
9,Белошапкин Максим,,2000,КМС,Кемеровская область,,67.2,85,8,73,36.5,10,121.5,10,+МС,Позняковский С.М.,,Двоеборье,68,2017,Чемпионат России
10,Платонов Семен,,1992,МС,Алтайский край,Урожай,67.8,38,10,79,39.5,9,77.5,9,МСМК,"Шевелев Д.В., Платонов С.Г.",,Двоеборье,68,2017,Чемпионат России
1,Смирнов Владимир,,1999,МСМК,Калужская область,,71.2,144,1,180,90,2,234,20,МСМК,Трофимов М.А.,,Двоеборье,73,2017,Чемпионат России
2,Хвостов Александр,,1982,ЗМС,Санкт-Петербург,ВС,73,128,2,169,84.5,3,212.5,18,МСМК,"Чмыхало Н.А., Руднев С.А.",,Двоеборье,73,2017,Чемпионат России
3,Баев Константин,,1993,МСМК,Алтайский край,"СК ""Союз""",73,117,3,186,93,1,210,16,МСМК,"Щеков И.Г., Анасенко А.В.",,Двоеборье,73,2017,Чемпионат России
4,Нестеренко Николай,,1984,МС,Ярославская область,,72.75,107,4,166,83,4,190,15,МСМК,Егоров В.В.,,Двоеборье,73,2017,Чемпионат России
5,Волосач Александр,,1993,МС,Томская область,,72.9,100,5,146,73,6,173,14,МСМК,Полянский В.С.,,Двоеборье,73,2017,Чемпионат России
6,Королев Роман,,1996,МС,Томская область,,72.35,88,7,152,76,5,164,13,МСМК,"Бажин А.М, Ажермачев А.Б.",,Двоеборье,73,2017,Чемпионат России
7,Шаповалов Евгений,,1979,МСМК,г.Москва,Динамо,70.4,99,6,112,56,9,155,12,МСМК,Кадиров Н.Н.,,Двоеборье,73,2017,Чемпионат России
8,Каргин Сергей,,1998,МСМК,республика Бурятия,,69.95,79,8,118,59,8,138,11,МСМК,Каргин Я.Л.,,Двоеборье,73,2017,Чемпионат России
9,Никитин Геннадий,,1984,МС,Курганская область,,71.65,73,9,130,65,7,138,10,МСМК,Стрекаловских С.К.,,Двоеборье,73,2017,Чемпионат России
1,Квашнин Михаил,,1988,МСМК,Свердловская область,,78,151,1,186,93,2,244,20,МСМК,"Хвостов А.В., Чагаев А.Е.",,Двоеборье,78,2017,Чемпионат России
2,Павлов Валерий,,1987,МСМК,Томская область,,77.7,127,2,176,88,4,215,18,МСМК,Ажермачев А.Б,,Двоеборье,78,2017,Чемпионат России
3,Иванов Алексей,,1995,МСМК,республика Чувашия,,77.95,117,4,187,93.5,1,210.5,16,МСМК,"Глинкин Б.Н., Петров М.В.",,Двоеборье,78,2017,Чемпионат России
4,Рассадин Андрей,,1989,МСМК,Бурятия-Тюмень,,76.85,121,3,173,86.5,6,207.5,15,МСМК,"Леонов С.Т., Евтушенко Е.Б., Барсуков А.П.",,Двоеборье,78,2017,Чемпионат России
5,Стрекаловских Николай,,1993,МС,Курганская область,,76.55,99,8,174,87,5,186,14,МСМК,Стрекаловских С.К.,,Двоеборье,78,2017,Чемпионат России
6,Черкашин Иван,,1999,МС,Томская область,,77.3,98,9,170,85,7,183,13,МСМК,Тимофеев Н.А.,,Двоеборье,78,2017,Чемпионат России
7,Балдин Александр,,1993,МС,Самарская область,ВС,74.05,107,6,137,68.5,8,175.5,12,МСМК,Ковалевский А.А.,,Двоеборье,78,2017,Чемпионат России
8,Кучеров Виктор,,1998,КМС,Омская область,ВС,77.6,104,7,122,61,10,165,11,+МС,"Переверзев Н.И., Хозей С.П.",,Двоеборье,78,2017,Чемпионат России
9,Никонов Анатолий,,1998,КМС,Тюменская область,ВС,77.8,110,5,84,42,14,152,10,+МС,"Даричев Е.Н., Толстов С.Б.",,Двоеборье,78,2017,Чемпионат России
10,Миронов Александр,,1987,МС,Челябинская область,ВС,77.2,94,11,112,56,11,150,9,МСМК,"Нестеренко Д.В., Денисов И.Н.",,Двоеборье,78,2017,Чемпионат России
11,Миронов Максим,,1993,КМС,Томская область,,77.85,96,10,107,53.5,12,149.5,8,+МС,Чепуштанов И.В,,Двоеборье,78,2017,Чемпионат России
12,Смирнов Алексей,,1984,МСМК,Калужская область,"СШ""Маршал""",76.8,54,13,179,89.5,3,143.5,7,МСМК,Трофимов М.А.,,Двоеборье,78,2017,Чемпионат России
13,Ермолаев Владислав,,1997,КМС,Томская область,,77.95,67,12,98,49,13,116,6,МСМК,"Денисенко А.В., Ажермачев А.Б.",,Двоеборье,78,2017,Чемпионат России
14,Крупенников Виталий,,1989,МС,Ярославская область,,77.9,46,14,130,65,9,111,5,МСМК,Егоров В.В.,,Двоеборье,78,2017,Чемпионат России
1,Анасенко Антон,,1979,ЗМС,ЯНАО,ВС,"84,75",136,3,196,98,1,234,20,МСМК,"Жилин А.В., Козленко В.Н.",,Двоеборье,85,2017,Чемпионат России
2,Ташланов Илья,,1987,МСМК,Челябинская область,ВС,"78,10",150,1,167,83.5,6,233.5,18,МСМК,Денисов И.Н.,,Двоеборье,85,2017,Чемпионат России
3,Черкашин Дмитрий,,1999,МС,Томская область,,"81,80",140,2,168,84,5,224,16,+МСМК,Тимофеев Н.А.,,Двоеборье,85,2017,Чемпионат России
4,Гафаров Денис,,1987,МСМК,Челябинская область,ВС,"84,90",119,7,189,94.5,2,213.5,15,МСМК,"Денисов И.Н., Дмитриев А.Г.",,Двоеборье,85,2017,Чемпионат России
5,Дубровин Дмитрий,,1976,МСМК,Санкт-Петербург,ВС,"84,15",132,5,161,80.5,8,212.5,14,МСМК,Кириллов С.А.,,Двоеборье,85,2017,Чемпионат России
6,Давыдов Денис,,1992,МС,Ярославская область,,"85,00",118,8,179,89.5,3,207.5,13,МСМК,"Гоголев М.Н., Потапов К.И.",,Двоеборье,85,2017,Чемпионат России
7,Самочернов Иван,,1998,МС,Курганская область,,"84,85",135,4,132,66,9,201,12,МСМК,"Брагин В.Н., Колобов Е.В.",,Двоеборье,85,2017,Чемпионат России
8,Пелевин Алексей,,1987,МС,Челябинская область,ВС,"84,10",125,6,128,64,10,189,11,МСМК,"Мелехин Н.В., Нестеренко Д.В.",,Двоеборье,85,2017,Чемпионат России
9,Павлов Александр,,1994,МС,республика Чувашия,,"85,00",91,10,175,87.5,4,178.5,10,МСМК,Глинкин Б.Н.,,Двоеборье,85,2017,Чемпионат России
10,Янголенко Даниил,,2000,КМС,Томская область,,"81,00",114,9,120,60,11,174,9,+МС,"Полянский В.С., Чепуштанов И.В.",,Двоеборье,85,2017,Чемпионат России
11,Латышенко Сергей,,1993,МС,Тюменская область,,"84,70",86,11,163,81.5,7,167.5,8,МСМК,Бакум К.Е.,,Двоеборье,85,2017,Чемпионат России
12,Майков Станислав,,1993,КМС,Томская область,Динамо,"84,30",82,12,103,51.5,12,133.5,7,МСМК,Ажермачев А.Б.,,Двоеборье,85,2017,Чемпионат России
1,Гуров Владимир,,1978,МСМК,Калужская область,,"91,80",151,1,173,86.5,4,237.5,20,МСМК,Трофимов М.А.,,Двоеборье,95,2017,Чемпионат России
2,Турищев Дмитрий,,1992,МСМК,Москва,ВС,"94,20",147,2,176,88,3,235,18,МСМК,Бирюков А.С.,,Двоеборье,95,2017,Чемпионат России
3,Брюханов Данила,,1995,МСМК,Омская область,ВС,"90,65",126,5,190,95,1,221,16,МСМК,"Анасенко А.В., Семенов М.М.",,Двоеборье,95,2017,Чемпионат России
4,Морозов Игорь,,1976,МСМК,Новосибирская область,СКА С.-П.,"94,85",130,4,178,89,2,219,15,МСМК,"Чмыхало Н.А., Морозов В.А., Бутенко А.А.",,Двоеборье,95,2017,Чемпионат России
5,Вдовенко Александр,,1995,МС,Курганская область,,"94,45",132,3,156,78,6,210,14,МСМК,Стрекаловских С.К.,,Двоеборье,95,2017,Чемпионат России
6,Карасев Павел,,1994,КМС,республика Татарстан,ВС,"92,30",110,6,151,75.5,7,185.5,13,+МС,"Абдуллин Р.Р., Гиниатуллин А.З.",,Двоеборье,95,2017,Чемпионат России
7,Сидорко Виталий,,1986,МС,Томская область,,"93,70",95,9,156,78,5,173,12,МСМК,Полянский В.С.,,Двоеборье,95,2017,Чемпионат России
8,Колупаев Роман,,1994,КМС,республика Татарстан,ВС,"89,95",97,8,82,41,8,138,11,МСМК,Абдуллин Р.Р.,,Двоеборье,95,2017,Чемпионат России
9,Колонжов Виталий,,1999,КМС,Омская область,ВС,"87,55",104,7,56,28,10,132,10,МСМК,"Переверзев Н.И., Хозей С.П.",,Двоеборье,95,2017,Чемпионат России
10,Квасков Эдуард,,2000,КМС,Кемеровская область,Динамо,"92,90",86,10,78,39,9,125,9,МСМК,"Полетаев Н.И., Полетаев Ф.И.",,Двоеборье,95,2017,Чемпионат России
1,Марков Иван,,1995,МСМК,Санкт-Петербург,ВС,"97,45",143,1,184,92,3,235,20,МСМК,"Кириллов С.А., Фадеев А.С., 
Семенов А.Н.",,Двоеборье,999,2017,Чемпионат России
2,Зыбайло Александр,,1979,МСМК,Красноярский край,,"117,70",127,5,200,100,1,227,18,МСМК,Петроченко В.М.,,Двоеборье,999,2017,Чемпионат России
3,Демышев Егор,,2001,КМС,Кировская область,,"104,90",132,3,185,92.5,2,224.5,16,+МС,Малков Е.И.,,Двоеборье,999,2017,Чемпионат России
4,Донских Александр,,1990,МСМК,Омская область,ВС,"95,35",126,6,182,91,4,217,15,МСМК,Анасенко А.В.,,Двоеборье,999,2017,Чемпионат России
5,Пугачёв Дмитрий,,1994,МСМК,Омская область,ВС,"101,30",129,4,168,84,5,213,14,МСМК,"Анасенко А.В., Адамсон Р.А.",,Двоеборье,999,2017,Чемпионат России
6,Овсянников Егор,,1998,МС,Москва,МАИ,"95,25",133,2,146,73,7,206,13,МСМК,"Макаричев С.С., Тарасов А.И.",,Двоеборье,999,2017,Чемпионат России
7,Василевский Дмитрий,,1984,МСМК,Липецкая область,,"98,25",125,7,137,68.5,8,193.5,12,МСМК,Макаричев С.С.,,Двоеборье,999,2017,Чемпионат России
8,Янголенко Павел,,1995,МС,Томская область,,"125,25",39,8,161,80.5,6,119.5,11,МСМК,"Полянский В.С., Чепуштанов И.В.",,Двоеборье,999,2017,Чемпионат России
1,Бенидзе Джони,,1990,ЗМС,Санкт-Петербург,"СШОР им.Краевского, ВС РФ",62.95,146,1,150,75,1,221,20,МСМК,"Кириллов С.А., Огарев В.Я.",,Двоеборье,63,2018,Чемпионат России
2,Бутенко Евгений,,1995,МСМК,Новосибирская обл.,,62.8,116,2,140,70,2,186,18,МС,Бутенко А.А.,,Двоеборье,63,2018,Чемпионат России
3,Недорезов Василий,,1992,МСМК,Респ.Бурятия,ВС,62.95,99,3,106,53,8,152,16,МС,"Любимский С.А., Рассадин А.А., Барсуков А.П.",,Двоеборье,63,2018,Чемпионат России
4,Бутенко Игорь,,1990,МС,Новосибирская обл.,,62.75,90,4,118,59,7,149,15,МС,Бутенко А.А.,,Двоеборье,63,2018,Чемпионат России
5,Егоров Валентин,,1985,МСМК,Ярославская область,,62.9,86,5,123,61.5,5,147.5,14,МС,Гоголев М.Н.,,Двоеборье,63,2018,Чемпионат России
6,Бежко Павел ,,1985,МС,Р. Крым,,62.7,80,7,132,66,3,146,13,МС,Трофимов М.А.,,Двоеборье,63,2018,Чемпионат России
7,Окоемов Иннокентий,,1980,МС,Респ.Саха (Якутия),,62.45,70,9,130,65,4,135,12,МС,Дьячковский В.Н.,,Двоеборье,63,2018,Чемпионат России
8,Белецкий Игорь ,,1998,МС,Тюменская область,ВС,62.95,71,8,120,60,6,131,11,МС,"Леонов С.Т., Толстов С.Б.",,Двоеборье,63,2018,Чемпионат России
9,Тепляков Алексей,,2001,КМС,Алтайский край,,62.05,85,6,85,42.5,10,127.5,10,МС+,Катаев И.Н.,,Двоеборье,63,2018,Чемпионат России
10,Деркачев Александр ,,1989,КМС,Ростовская область,,62.2,58,10,92,46,9,104,9,КМС,Малик А.Ж.,,Двоеборье,63,2018,Чемпионат России
11,Балашов Максим ,,1990,КМС,Ивановская область,,,,,,,,снят врачом,,,самостоятельно,,Двоеборье,63,2018,Чемпионат России
1,Рябков Алексей,,1993,МСМК,Тюменская область,ВС,67.95,135,1,168,84,2,219,20,МСМК,Мартьянов А.В.,,Двоеборье,68,2018,Чемпионат России
2,Щербин Олег,,1989,МСМК,Санкт-Петербург,"СШОР им.Краевского, ВС РФ",67.95,124,3,188,94,1,218,18,МСМК,Кириллов С.А.,,Двоеборье,68,2018,Чемпионат России
3,Мартыневич Иван,,1986,МСМК,Омская область,,67.95,133,2,160,80,3,213,16,МСМК,Елисеев В.С.,,Двоеборье,68,2018,Чемпионат России
4,Петровичев Дмитрий ,,1978,МС,Р.Татарстан,,65.75,102,4,98,49,7,151,15,МС,Шакиров Д.Ш.,,Двоеборье,68,2018,Чемпионат России
5,Ткачев Алексей,,1983,МС,Брянская область,Динамо,66.95,93,5,101,50.5,6,143.5,14,КМС,"Гомонов В. Н., Афонин С.А.",,Двоеборье,68,2018,Чемпионат России
6,Тимофеев Никандр ,,1998,МС,р.Саха (Якутия),,67.9,79,7,96,48,8,127,13,КМС,Дьячковский В.Н.,,Двоеборье,68,2018,Чемпионат России
7,Тарасюк Павел ,,1997,МС,ХМАО-Югра,,67.55,87,6,70,35,10,122,12,КМС,Барков А.П.,,Двоеборье,68,2018,Чемпионат России
8,Лугинов Руслан ,,1997,КМС,Р.Саха (Якутия),,67.75,60,9,122,61,4,121,11,КМС,Дьячковский В.Н.,,Двоеборье,68,2018,Чемпионат России
9,Гаджимутелимов Гаджимирза,,1995,МСМК,Калужская область,"СШ ""Маршал""",67.9,53,11,106,53,5,106,10,КМС,Трофимов М.А.,,Двоеборье,68,2018,Чемпионат России
10,Хужанафасов Артур,,1997,КМС,Санкт-Петербург,ВС,67.4,74,8,54,27,11,101,9,КМС,Фадеев А,,Двоеборье,68,2018,Чемпионат России
11,Прокофьев Дмитрий,,1999,1,Санкт-Петербург,,67.45,54,10,83,41.5,9,95.5,8,КМС,Малов В.В.,,Двоеборье,68,2018,Чемпионат России
12,Ананин Дмитрий,,1990,1,Санкт-Петербург,,67.25,43,12,37,18.5,12,61.5,7,,Виноградов М.,,Двоеборье,68,2018,Чемпионат России
13,Попенков  Виталий,,1979,КМС,Санкт-Петербург,,,,,,,,снят врачом,,,Васильев Д.Ю.,,Двоеборье,68,2018,Чемпионат России
14,Ходков Николай,,1998,КМС,Ленинградская обл.,,,,,,,,снят врачом,,,Шаров П.В.,,Двоеборье,68,2018,Чемпионат России
1,Смирнов Владимир,,1999,МСМК,Калужская область,"СШ ""Маршал""",72.55,148,2,193,96.5,2,244.5,20,МСМК,Трофимов М.А.,,Двоеборье,73,2018,Чемпионат России
2,Бобров Владимир,,1989,МСМК,Тюменская область,ВС,72.8,151,1,170,85,7,236,18,МСМК,"Лесников П.Я.,Бакум К.Е.",,Двоеборье,73,2018,Чемпионат России
3,Ташланов Илья ,,1987,МСМК,Челябинская область,"""Атлет""",72.9,143,3,181,90.5,5,233.5,16,МСМК,Денисов И.Н.,,Двоеборье,73,2018,Чемпионат России
4,Хвостов Александр,,1982,ЗМС,Санкт-Петербург,ВС,72.55,135,4,183,91.5,4,226.5,15,МСМК,"Чмыхало Н.А.,Руднев С.",,Двоеборье,73,2018,Чемпионат России
5,Баев Константин,,1993,МСМК,Алтайский край,,72.7,127,6,199,99.5,1,226.5,14,МСМК,Щекотов И.Г.,,Двоеборье,73,2018,Чемпионат России
6,Сутягин Валентин,,1992,МСМК,Томская область,,71.15,131,5,159,79.5,8,210.5,13,МС,"Полянский В.С., Чепуштанов И.В.",,Двоеборье,73,2018,Чемпионат России
7,Карагаев Юрий,,1994,МС,Новосибирская обл.,,72.7,119,8,173,86.5,6,205.5,12,МС,Бутенко А.А.,,Двоеборье,73,2018,Чемпионат России
8,Нестеренко Николай,,1984,МСМК,Ярославская область,,72.95,103,10,186,93,3,196,11,МС,Егоров В.В.,,Двоеборье,73,2018,Чемпионат России
9,Никонов Анатолий ,,1998,МС,Тюменская область,ВС,72.65,115,7,101,50.5,12,165.5,10,МС,"Даричев Е.Н., Толстов С.Б.",,Двоеборье,73,2018,Чемпионат России
10,Алексанян Давид,,2001,МС,Калужская область,"СШ ""Маршал""",73,109,9,111,55.5,11,164.5,9,МС,"Пянко И.А. , Трофимов М.А",,Двоеборье,73,2018,Чемпионат России
11,Вараксин Константин,,1997,КМС,Омская область,,72.95,89,11,136,68,9,157,8,КМС,Анасенко А.В.,,Двоеборье,73,2018,Чемпионат России
12,Серебряков Александр ,,1991,КМС,Архангельская область,,72.7,73,12,111,55.5,10,128.5,7,КМС,Балин Н.Н. Меркулин С.В. ,,Двоеборье,73,2018,Чемпионат России
1,Квашнин Михаил,,1988,МСМК,Свердловская обл.,Динамо,80.8,155,1,202,101,1,256,20,МСМК,"Хвостов А.В., Чагаев А.Е.",,Двоеборье,85,2018,Чемпионат России
2,Черкашин Дмитрий ,,1999,МСМК,Томская область,,84.5,151,2,169,84.5,7,235.5,18,МСМК,Тимофеев Н.А.,,Двоеборье,85,2018,Чемпионат России
3,Иванов Алексей,,1995,МСМК,Р. Чувашия,,81.3,127,8,194,97,2,224,16,МС,Глинкин Б.Н.,,Двоеборье,85,2018,Чемпионат России
4,Дубровин Дмитрий,,1976,МСМК,Санкт-Петербург,"СШОР им.Краевского, ВС РФ",84.25,136,3,174,87,6,223,15,МС,Кириллов С.А.,,Двоеборье,85,2018,Чемпионат России
5,Рассадин Андрей,,1989,МСМК,Республика Бурятия,ВС,77.95,129,5,180,90,4,219,14,МС,"Леонов С.Т., Евтушенко Е.Б., Барсуков А.П.",,Двоеборье,85,2018,Чемпионат России
6,Павлов Александр,,1994,МСМК,Р. Чувашия,,84.95,135,4,165,82.5,8,217.5,13,МС,Глинкин Б.Н.,,Двоеборье,85,2018,Чемпионат России
7,Павлов Валерий,,1987,МСМК, Томской области,,82.05,128,6,160,80,9,208,12,МС,Ажермачев А.Б,,Двоеборье,85,2018,Чемпионат России
8,Рысник Сергей,,1995,МС,Омская область,,83.3,114,9,184,92,3,206,11,МС,"Елисеев В.С., Переверзев Н.И.",,Двоеборье,85,2018,Чемпионат России
9,Черкашин Иван,,1999,МСМК,Томская область,,83.1,128,7,137,68.5,14,196.5,10,МС,Тимофеев Н.А.,,Двоеборье,85,2018,Чемпионат России
10,Чепуштанов Игорь,,1989,МСМК,Томская область,,82.2,102,13,180,90,5,192,9,МС,"Ажермачев А.Б., Тимофеев Н.А.",,Двоеборье,85,2018,Чемпионат России
11,Юрастов Станислав,,1983,МС,Самарская область,ВС,82.7,108,11,160,80,10,188,8,МС,Щербин О.В.,,Двоеборье,85,2018,Чемпионат России
12,Дмитриев Дмитрий,,1986,МСМК,Томская область,,77.2,108,10,154,77,12,185,7,МС,"Бажин А.М., Ажермачев А.Б.",,Двоеборье,85,2018,Чемпионат России
13,Сисейкин Максим ,,1993,МС,Рязанская область,"ДДЮ""Алые паруса""",84.9,103,12,158,79,11,182,6,МС,Шматов И.Б,,Двоеборье,85,2018,Чемпионат России
14,Латышенко Сергей,,1993,МС,Тюменская область,,83.8,92,15,143,71.5,13,163.5,5,КМС,Бакум К.Е.,,Двоеборье,85,2018,Чемпионат России
15,Нехаев Андрей,,1997,КМС,Белгородская область,СШОР 5,82.05,100,14,125,62.5,15,162.5,4,КМС,"Меркулин С.В., Беляев И.С.",,Двоеборье,85,2018,Чемпионат России
16,Ванин Виктор ,,1991,МС,Рязанская область,"ДДЮ""Алые паруса""",77.65,89,16,120,60,16,149,3,КМС,"Хвостов А.В., Шматов И.Б.",,Двоеборье,85,2018,Чемпионат России
17,Жура Дмитрий,,1997,1,Санкт-Петербург,,81.6,47,17,81,40.5,17,87.5,2,,Малов В.В.,,Двоеборье,85,2018,Чемпионат России
18,Иванов Александр,,1989,КМС,Санкт-Петербург,,,,,,,,снят врачом,,,Хвостов А. В.,,Двоеборье,85,2018,Чемпионат России
1,Гуров Владимир ,,1978,МСМК,Калужская область,"СШ ""Маршал""",91.95,168,1,198,99,3,267,20,МСМК,Трофимов М.А.,,Двоеборье,999,2018,Чемпионат России
2,Марков Иван,,1995,МСМК,Санкт-Петербург,"СШОР им.Краевского, ВС РФ",99.65,167,2,200,100,1,267,18,МСМК,"Кириллов С.А., Фадеев А.С.,Алфёрова В.Я.",,Двоеборье,999,2018,Чемпионат России
3,Турищев Дмитрий ,,1992,МСМК,г. Москва,ВС,94.3,163,3,189,94.5,4,257.5,16,МСМК,самостоятельно,,Двоеборье,999,2018,Чемпионат России
4,Брюханов Данила,,1995,МСМК,Омская область,,90.2,142,5,199,99.5,2,241.5,15,МС,"Анасенко А.В., Семенов М.М.",,Двоеборье,999,2018,Чемпионат России
5,Демышев Егор,,2001,МС,Кировская область,,114.4,141,6,183,91.5,7,232.5,14,МС,Малков Е.И.,,Двоеборье,999,2018,Чемпионат России
6,Шевелев Дмитрий,,1989,МС,Алтайский край,,115.65,141,7,180,90,8,231,13,МС,Рябченко А.В.,,Двоеборье,999,2018,Чемпионат России
7,Москаленко Алексей,,1994,МС,Красноярский край,,113.15,122,10,187,93.5,5,215.5,12,МС,Каплюк В.П.,,Двоеборье,999,2018,Чемпионат России
8,Баранов Артем,,1998,МС,ХМАО-Югра,,91.15,147,4,132,66,13,213,11,МС,Барков А.П.,,Двоеборье,999,2018,Чемпионат России
9,Овсянников Егор ,,1998,МС,г. Москва,МАИ,97.85,126,9,172,86,10,212,10,МС,Макаричев С.С. Тарасов А.И.,,Двоеборье,999,2018,Чемпионат России
10,Карасев Павел ,,1994,МС,Р.Татарстан,ВС,97.35,130,8,143,71.5,12,201.5,9,МС,Абдуллин Р.Р.,,Двоеборье,999,2018,Чемпионат России
11,Сидорко Виталий,,1986,МС,Томская область,,96.4,107,11,172,86,9,193,8,МС,Полянский В.С.,,Двоеборье,999,2018,Чемпионат России
12,Опенлендер Эдуард,,1990,МС,Омская область,,92.5,106,12,171,85.5,11,191.5,7,МС,Анасенко А.В.,,Двоеборье,999,2018,Чемпионат России
13,Морозов Игорь,,1976,МСМК,Новосибирская обл.,,99.1,38,14,186,93,6,131,6,кмс,"Чмыхало Н.А., Морозов В.А.,Бутенко А.А.",,Двоеборье,999,2018,Чемпионат России
14,Горбунов Андрей,,1988,1,Санкт-Петербург,,98.1,51,13,95,47.5,14,98.5,5,,Виноградов М.Е.,,Двоеборье,999,2018,Чемпионат России
1,Бенидзе Джони ,,1990,ЗМС,г.Санкт-Петербург,СШОР им.Краевского / ВС РФ,63,146,1,150,75,1,221,20,МСМК,"Кириллов С.А., Огарев В.Я.",,Двоеборье,63,2019,Чемпионат России
2,Смагулов Нурсултан,,1999,МС,г.Санкт-Петербург\Омская обл.,ВС РФ,62.9,113,2,148,74,3,187,18,МС,"Катаев И.В., Смагулов Ш.А.",,Двоеборье,63,2019,Чемпионат России
3,Бутенко Евгений,,1995,МСМК,Новосибирская область,,62.65,108,3,148,74,2,182,16,МС,Бутенко А.А.,,Двоеборье,63,2019,Чемпионат России
4,Белецкий Игорь,,1998,МС,Тюменская область,,62.9,80,5,126,63,4,143,15,МС,"Леонов С.Т.,Толстов С.Б.",,Двоеборье,63,2019,Чемпионат России
5,Егоров Валентин,,1985,МСМК,Ярославская область,,62.95,76,7,124,62,5,138,14,МС,Гоголев М.Н.,,Двоеборье,63,2019,Чемпионат России
6,Лукьянов Даниэль,,1999,КМС,Томская область,,63,83,4,105,52.5,7,135.5,13,МС,Карпов Ф.Н.,,Двоеборье,63,2019,Чемпионат России
7,Узюкин Анатолий,,2000,КМС,Чувашская Республика,,61.9,79,6,100,50,8,129,12,МС,"Глинкин Б. Н.,Белков С. Д.",,Двоеборье,63,2019,Чемпионат России
8,Айдбаев Ильфат,,1989,МС,Тюменская область,,62.65,75,8,82,41,10,116,11,КМС,Калмаков С.И.,,Двоеборье,63,2019,Чемпионат России
9,Едакин Николай,,1996,КМС,Кемеровская область,,61.85,69,9,85,42.5,9,111.5,л,КМС,Позняковский С.М.,,Двоеборье,63,2019,Чемпионат России
10,Бежко Павел,,1986,МС,Калужская область\Республика Крым,,62.5,45,10,110,55,6,100,10,КМС,"Трофимов М.А., Эмирсанов Э.К.",,Двоеборье,63,2019,Чемпионат России
11,Хамидов Фахриддин,,2002,КМС,Калужская область,"СШ ""Маршал""",62.55,29,11,77,38.5,11,67.5,9,,"Барбакова Н.А., Трофимов М.А",,Двоеборье,63,2019,Чемпионат России
1,Рябков Алексей,,1993,МСМК,Тюменская область,,67.9,144,1,150,75,3,219,20,МСМК,"Мартьянов А.В., Алтухов Д.В.",,Двоеборье,68,2019,Чемпионат России
2,Щербин Олег,,1989,МСМК,г.Санкт-Петербург,СШОР им.Краевского /               ВС РФ,67.45,124,2,180,90,1,214,18,МСМК,Кириллов С.А.,,Двоеборье,68,2019,Чемпионат России
3,Мащенко Олег ,,1983,МСМК,Краснодарский край,ВС РФ,67.9,99,3,167,83.5,2,182.5,16,МС,Мащенко В.С.,,Двоеборье,68,2019,Чемпионат России
4,Ткачев Алексей,,1983,МС,Брянская область,Динамо,66.6,94,5,120,60,6,154,15,МС,"Гомонов В.Н., Афонин С.А.",,Двоеборье,68,2019,Чемпионат России
5,Шаповалов Евгений,,1979,МСМК,г.Москва,Динамо,67.6,90,7,107,53.5,7,143.5,14,КМС,Кадиров Н.Н.,,Двоеборье,68,2019,Чемпионат России
6,Петровичев Дмитрий ,,1978,МС,Республика Татарстан,,65.95,94,4,91,45.5,11,139.5,13,КМС,Шакиров Ж.Ш.,,Двоеборье,68,2019,Чемпионат России
7,Антипов Александр,,1998,КМС,Республика Татарстан,,67,90,6,85,42.5,12,132.5,12,КМС,Абдуллин Р.Р.,,Двоеборье,68,2019,Чемпионат России
8,Афзалов Руслан ,,1987,КМС,Республика Башкортостан,,67.8,73,8,100,50,9,123,11,КМС,Зиннатуллин Р.Л,,Двоеборье,68,2019,Чемпионат России
9,Дудин Роман,,1972,МС,Свердловская область,,67.8,50,11,142,71,5,121,10,КМС,"Квашнин М.Ф., Рябченко А.В.",,Двоеборье,68,2019,Чемпионат России
10,Горячев Иван,,2001,КМС,г.Москва,ВС РФ,68,64,9,95,47.5,10,111.5,9,КМС,Турищев Д.В.,,Двоеборье,68,2019,Чемпионат России
11,Усольцев Александр,,1992,МСМК,Тюменская область,,67.95,32,12,148,74,4,106,8,КМС,"Ефимов А.В., Бутыч В.В.",,Двоеборье,68,2019,Чемпионат России
12,Богданов Вадим,,1998,МСМК,г.Москва,Динамо,67.15,50,10,100,50,8,100,7,КМС,"Огарев В.Я., Шаповалов Е.Г.",,Двоеборье,68,2019,Чемпионат России
1,Сулейманов Мовсар,,1989,МСМК,Липецкая область,Мин.обр.,72.95,154,1,161,80.5,5,234.5,20,МСМК,"Новиков И.В., Кравцов А.Ю.",,Двоеборье,73,2019,Чемпионат России
2,Баев Константин,,1993,МСМК,Алтайский край,,72.8,132,4,201,100.5,1,232.5,18,МСМК,Щекотов И.Г.,,Двоеборье,73,2019,Чемпионат России
3,Хвостов Александр ,,1982,ЗМС,г.Санкт-Петербург,СШОР им.Краевского ,73,142,2,181,90.5,3,232.5,16,МСМК,"Кириллов С.А., Руднев С.Л.",,Двоеборье,73,2019,Чемпионат России
4,Ташланов Илья,,1987,МСМК,Челябинская область,,73,130,5,166,83,4,213,15,МС,Денисов И.Н.,,Двоеборье,73,2019,Чемпионат России
5,Сутягин Валентин,,1992,МСМК,Томская область,,72.45,132,3,160,80,6,212,14,МС,"Полянский В.С.,Чепуштанов И.В.",,Двоеборье,73,2019,Чемпионат России
6,Баранов Егор,,1992,МСМК,г.Москва,ВС РФ,72.7,114,9,184,92,2,206,13,МС,Шаповалов Е.Г.,,Двоеборье,73,2019,Чемпионат России
7,Никонов Анатолий,,1998,МС,Тюменская область,,72.85,129,6,130,65,10,194,12,МС,"Даричев Е.Н., Толстов С.Б.",,Двоеборье,73,2019,Чемпионат России
8,Кузнецов Данила,,1996,МС,г.Москва,Динамо,72.3,121,7,130,65,9,186,11,МС,Шаповалов Е.Г.,,Двоеборье,73,2019,Чемпионат России
9,Балдин Александр,,1993,МС,Самарская область,ВС РФ,72.6,117,8,131,65.5,8,182.5,10,МС,Ковалевский А.А.,,Двоеборье,73,2019,Чемпионат России
10,Бобров Владимир,,1989,МСМК,Тюменская область,,73,102,10,140,70,7,172,9,МС,"Лесников П.Я., Бакум К.Е.",,Двоеборье,73,2019,Чемпионат России
11,Егоров Максим,,1998,КМС,Республика Татарстан,,70.4,70,11,96,48,11,118,8,КМС,Абдуллин Р.Р.,,Двоеборье,73,2019,Чемпионат России
12,Гавриков Владислав,,1997,1,Республика Татарстан,,72.85,65,12,89,44.5,12,109.5,7,КМС+,Абдуллин Р.Р.,,Двоеборье,73,2019,Чемпионат России
13,Обоскалов Александр,,2000,МС,Свердловская область,,73,60,13,80,40,14,100,6,КМС,Чагаев А.Е.,,Двоеборье,73,2019,Чемпионат России
14,Дыбов Александр,,1986,МС,Белгородская область,СШОР№5,69.75,59,14,80,40,13,99,5,КМС,Меркулин С.В.,,Двоеборье,73,2019,Чемпионат России
1,Квашнин Михаил,,1988,МСМК,Свердловская область,,78.75,145,2,208,104,1,249,20,МСМК,"Хвостов А.В., Чагаев А.Е.",,Двоеборье,85,2019,Чемпионат России
2,Черкашин Дмитрий,,1999,МСМК,Томская область,,83.55,148,1,186,93,5,241,18,МСМК,Тимофеев Н.А.,,Двоеборье,85,2019,Чемпионат России
3,Дубровин Дмитрий ,,1976,МСМК,г.Санкт-Петербург,СШОР им.Краевского /               ВС РФ,84.7,135,3,184,92,7,227,16,МС,Кириллов С.А.,,Двоеборье,85,2019,Чемпионат России
4,Рассадин Андрей,,1989,МСМК,респ.Бурятия,,77.7,130,6,188,94,4,224,15,МС,"Леонов С.Т., Руднев С.Л.",,Двоеборье,85,2019,Чемпионат России
5,Бурлака Сергей ,,1998,МС,Краснодарский край,ДЮСШ,82.85,125,8,191,95.5,3,220.5,14,МС,"Голиков В.В., Желток А.А.",,Двоеборье,85,2019,Чемпионат России
6,Юрастов Станислав,,1973,МС,Самарская область,ВС РФ,83.4,129,7,174,87,9,216,13,МС,Щербин О.В.,,Двоеборье,85,2019,Чемпионат России
7,Черкашин Иван,,1999,МСМК,Томская область,,83.65,134,4,160,80,10,214,12,МС,Тимофеев Н.А.,,Двоеборье,85,2019,Чемпионат России
8,Рысник Сергей,,1995,МС,Омская область,,84.05,121,9,178,89,8,210,11,МС,"Елисеев В.С., Переверзев Н.И.",,Двоеборье,85,2019,Чемпионат России
9,Дьячков Олег,,1995,МСМК,Белгородская область,СШОР№5,84.55,114,10,184,92,6,206,10,МС,Меркулин С.В.,,Двоеборье,85,2019,Чемпионат России
10,Баранов Артем,,1998,МС,ХМАО-Югра,,81.95,132,5,130,65,12,197,9,МС,Барков А.П.,,Двоеборье,85,2019,Чемпионат России
11,Иванов Алексей,,1995,МСМК,Чувашская Республика,,82.55,81,14,204,102,2,183,8,МС,Глинкин Б.Н.,,Двоеборье,85,2019,Чемпионат России
12,Ветров Денис,,1989,МС,г.Москва,ВС РФ,84.7,109,12,144,72,11,181,7,МС,Самостоятельно,,Двоеборье,85,2019,Чемпионат России
13,Пашков Александр,,1995,МС,Белгородская область,,83.6,113,11,107,53.5,13,166.5,л,,Степанов В.И.,,Двоеборье,85,2019,Чемпионат России
14,Нигъматянов Анвар,,2001,КМС,Республика Татарстан,,79.65,81,13,80,40,14,121,5,КМС,Петров О.И.,,Двоеборье,85,2019,Чемпионат России
15,Пучков Родион ,,1989,МС,Калужская область/Волгоградская область,,82.95,56,15,51,25.5,15,81.5,4,,Трофимов М.А. ,,Двоеборье,85,2019,Чемпионат России
1,Турищев Дмитрий,,1992,МСМК,г.Москва,ВС РФ,96.95,166,1,183,91.5,1,257.5,20,МСМК,"Савлова В.И.,Бирюков А.С., Шиков А.И.",,Двоеборье,999,2019,Чемпионат России
2,Гуров Владимир ,,1978,ЗМС,Калужская область,"СШ ""Маршал""",92.35,152,2,171,85.5,4,237.5,18,МС,Трофимов М.А. ,,Двоеборье,999,2019,Чемпионат России
3,Майер Сергей,,2002,КМС,Тюменская область,,96.65,151,3,140,70,10,221,16,МС,Андреев И.Г.,,Двоеборье,999,2019,Чемпионат России
4,Овсянников Егор,,1998,МС,г.Москва,МАИ,97.35,126,5,181,90.5,2,216.5,15,МС,"Макаричев С.С., Тарасов А.И.",,Двоеборье,999,2019,Чемпионат России
5,Бородынкин Олег,,2002,КМС,Новосибирская область,,85.1,133,4,144,72,9,205,14,МС,Баер П.А.,,Двоеборье,999,2019,Чемпионат России
6,Павлов Александр,,1994,МСМК,Чувашская Республика,,93.45,115,7,170,85,5,200,13,МС,Глинкин Б.Н,,Двоеборье,999,2019,Чемпионат России
7,Сидорко Виталий,,1986,МС,Томская область,,95.15,106,8,177,88.5,3,194.5,12,МС,Полянский В.С.,,Двоеборье,999,2019,Чемпионат России
8,Башаров Нурислам,,1983,МС,Республика Татарстан,,94.7,117,6,150,75,7,192,11,МС,Федотов В.Н.,,Двоеборье,999,2019,Чемпионат России
9,Карасёв Павел,,1994,МС,Республика Татарстан,,94.85,101,9,160,80,6,181,10,КМС,Абдуллин Р.Р.,,Двоеборье,999,2019,Чемпионат России
10,Панов Александр,,1990,КМС,Калининградская область,,100.85,95,10,145,72.5,8,167.5,9,КМС,"Бабушкин М.Б.,Егоров В.В.",,Двоеборье,999,2019,Чемпионат России
11,Демышев Егор,,2001,МС,Кировская область,СШ «Юность»,105.35,64,11,80,40,11,104,8,,Малков Е.И.,,Двоеборье,999,2019,Чемпионат России
12,Глазунов Сергей,,1995,МС,Брянская область,,91.55,42,12,13,6.5,12,48.5,л,,"Гомонов В.Н.,Романьков В.М.",,Двоеборье,999,2019,Чемпионат России
13,Марков Иван ,,1996,МСМК,г.Санкт-Петербург,ВС РФ,снят врачом,,,,,,,,,"Семенов А.Н., Фадеев А.С.",,Двоеборье,999,2019,Чемпионат России
1,Бенидзе Джони ,,1990,ЗМС,Г.Санкт-Петербург,"СШОР им.Краевского,ВС РФ",62.6,140,1,160,80,2,220,20,МСМК,"Кириллов С.А., Огарев В.Я.",,Двоеборье,63,2020,Чемпионат России
2,Смагулов Нурсултан ,,1999,МС,Г.Санкт-Петербург,"СШОР им.Краевского,ВС РФ",62.55,113,2,184,92,1,205,18,МСМК,"Катаев И.В., Смагулов Ш.",,Двоеборье,63,2020,Чемпионат России
3,Бутенко Игорь,,1990,МС,Новосибирская область,,62.9,76,3,118,59,4,135,16,МС,Бутенко А.А.,,Двоеборье,63,2020,Чемпионат России
4,Мамонтов Никита,,2003,КМС,Архангельская область,,62.75,70,5,116,58,5,128,15,МС+,Мамонтов В.В.,,Двоеборье,63,2020,Чемпионат России
5,Едакин Николай,,1996,КМС,Кемеровская область,,62.85,73,4,92,46,7,119,14,КМС,,,Двоеборье,63,2020,Чемпионат России
6,Аитов Радик,,1992,КМС,ЯНАО,,62.25,54,8,124,62,3,116,13,КМС,Рябков А.И.,,Двоеборье,63,2020,Чемпионат России
7,Молчанов Дианисий,,2005,1,Астраханская область,,62.7,62,6,81,40.5,9,102.5,12,КМС,Бирюков С.Н.,,Двоеборье,63,2020,Чемпионат России
8,Ильясов Какен,,1993,КМС,Омская область,,63,43,10,107,53.5,6,96.5,11,КМС,Анасенко А.В.,,Двоеборье,63,2020,Чемпионат России
9,Латыпов Владимир,,2000,КМС,ЯНАО,,61.15,62,7,56,28,12,90,10,КМС,Латыпов Е.А.,,Двоеборье,63,2020,Чемпионат России
10,Ливада Валерий ,,2000,КМС,Ростовская область,,54.08,50,9,70,35,10,85,9,КМС,Ливада В.В.,,Двоеборье,63,2020,Чемпионат России
11,Новиков Андрей ,,2001,КМС,Томская область,,62.95,42,11,86,43,8,85,8,КМС,Чепуштанов И.В.,,Двоеборье,63,2020,Чемпионат России
12,Дунаев Ян ,,2000,1,Р.Саха-Якутия,,63,37,12,68,34,11,71,7,,Дьячковский В.Н.,,Двоеборье,63,2020,Чемпионат России
13,Терехов Артур ,,1992,МС,Курская область,,62.9,Снят врачом,,,,,,,,Мещеряков С.С.,,Двоеборье,63,2020,Чемпионат России
1,Хвостов Александр ,,1982,ЗМС,Г.Санкт-Петербург,"СШОР им.Краевского,ВС РФ",68,140,1,186,93,1,233,20,МСМК,Кириллов С.А.,,Двоеборье,68,2020,Чемпионат России
2,Рябков Алексей ,,1993,МСМК,ХМАО-Югра,,68,138,2,165,82.5,4,220.5,18,МСМК,"Войнов А.Б.,,Алтухов Д.В.,Мартьянов А.В",,Двоеборье,68,2020,Чемпионат России
3,Мащенко Олег ,,1983,МСМК,Краснодарский край,ВС,68,90,8,178,89,2,179,16,МС,Мащенко В.,,Двоеборье,68,2020,Чемпионат России
4,Мещеряков Сергей ,,1988,МС,Курская область,,67.5,91,7,174,87,3,178,15,МС,"Калюбаев В.Н.
Алфёрова В.Я.
",,Двоеборье,68,2020,Чемпионат России
5,Коломин Дмитрий,,1999,МС,Р. Бурятия,ВС,67.95,104,3,127,63.5,7,167.5,14,МС,"Рассадин А. А.Хлебодаров А. Г
Леонов С. Т
",,Двоеборье,68,2020,Чемпионат России
6,Петровичев Дмитрий,,1978,МС,Р.Татарстан,,65.6,102,4,123,61.5,9,163.5,13,МС,Шакиров Ж.В.,,Двоеборье,68,2020,Чемпионат России
7,Хамидов Фахриддин ,,2002,МС,Калужская область,СШ «Маршал»,66.65,95,5,112,56,10,151,12,МС,Барбакова Н.А.,,Двоеборье,68,2020,Чемпионат России
8,Бенидзе Спартак,,2002,КМС,Вологодская область,,67.2,77,11,136,68,5,145,11,КМС,Огарев В.Я.,,Двоеборье,68,2020,Чемпионат России
9,Лукьянов Даниэль ,,1999,МС,Томская область,,67.25,72,12,130,65,6,137,10,КМС,Карпов Ф.Н.Овчинников А.А.,,Двоеборье,68,2020,Чемпионат России
10,Ткачёв Алексей,,1983,МС,Брянская область,Динамо,67.4,81,10,110,55,11,136,9,КМС,"Гомонов В.Н., Афонин С.А.",,Двоеборье,68,2020,Чемпионат России
11,Саркисян Роман ,,1996,МС,Ростовская область,,66.55,81,9,109,54.5,12,135.5,8,КМС,Ливада Н.В.,,Двоеборье,68,2020,Чемпионат России
12,Белошапкин Максим,,2000,МС,Кемеровская область,,67.8,92,6,84,42,13,134,7,КМС,Поздняковский С.М.,,Двоеборье,68,2020,Чемпионат России
13,Егоров Валентин,,1985,МСМК,Ярославская область,,66.85,67,13,126,63,8,130,6,КМС,,,Двоеборье,68,2020,Чемпионат России
14,Горлов Николай ,,1987,МС,Ростовская область,,67.85,65,14,80,40,14,105,5,КМС,Веровский А.А.,,Двоеборье,68,2020,Чемпионат России
15,Антипов Александр,,1998,КМС,Р.Татарстан,,66.55,58,15,74,37,15,95,4,КМС,Абдуллин Р.Р.,,Двоеборье,68,2020,Чемпионат России
16,Ананин Дмитрий ,,1990,КМС,Г.Санкт-Петербург,,67.75,50,16,56,28,16,78,3,,Хвостов А.В.,,Двоеборье,68,2020,Чемпионат России
1,Сулейманов Мовсар ,,1989,МСМК,Калужская область+Липецкая область,СШ «Маршал»,72.95,155,1,160,80,8,235,20,МСМК,Трофимов М.А. Новиков И.В.,,Двоеборье,73,2020,Чемпионат России
2,Бобров Владимир,,1989,МСМК,Тюменская область,ВС,72.75,142,2,183,91.5,4,233.5,18,МСМК,"Лесников П.Я., Бакум К.Е.",,Двоеборье,73,2020,Чемпионат России
3,Рассадин Андрей ,,1989,МСМК,Р. Бурятия,ВС,72.3,128,4,192,96,3,224,16,МСМК,Леонов С. Т. Руднев С. Л,,Двоеборье,73,2020,Чемпионат России
4,Плотников Вячеслав ,,1998,МС,Челябинская область,Атлет,72.8,121,6,195,97.5,2,218.5,15,МС,"Потапов О.Ю, Симушин А.М.",,Двоеборье,73,2020,Чемпионат России
5,Баранов Егор,,1992,МСМК,Г. Москва,,72.85,129,3,178,89,6,218,14,МС,Шаповалов Е.Г.,,Двоеборье,73,2020,Чемпионат России
6,Баев Константин ,,1993,МСМК,Алтайский край,,73,116,7,200,100,1,216,13,МС,Щекотов И.Г.,,Двоеборье,73,2020,Чемпионат России
7,Смирнов Владимир ,,1999,МСМК,Калужская область,СШ «Маршал»,72.8,124,5,174,87,7,211,12,МС,Трофимов М.А,,Двоеборье,73,2020,Чемпионат России
8,Балдин Александр ,,1993,МС,Самарская область,ВС,71.8,101,8,179,89.5,5,190.5,11,МС,Ковалевский А.А.,,Двоеборье,73,2020,Чемпионат России
9,Сарсембаев Ильяс,,1999,МС,ЯНАО,,72.75,99,9,134,67,10,166,10,МС,Латыпов Е.А.,,Двоеборье,73,2020,Чемпионат России
10,Гаджимутелимов Гаджимирза ,,1995,МСМК,Калужская область,СШ «Маршал»,72.4,85,11,129,64.5,11,149.5,9,КМС,Трофимов М.А,,Двоеборье,73,2020,Чемпионат России
11,Вахонин Егор,,2005,КМС,Кировская область,"СШ""Юность""",72,92,10,80,40,15,132,8,КМС,Малков Е.И.,,Двоеборье,73,2020,Чемпионат России
12,Варлаков Николай ,,1980,МС,Курганская область,,72.8,65,15,125,62.5,13,127.5,7,КМС,Самостоятельно,,Двоеборье,73,2020,Чемпионат России
13,Лугинов Руслан ,,1997,МС,Р.Саха-Якутия,,73,63,16,128,64,12,127,6,КМС,Дьячковский В.Н.,,Двоеборье,73,2020,Чемпионат России
14,Медведев Максим,,2002,КМС,Кировская область,"СШ""Юность""",71.8,75,12,98,49,14,124,5,КМС,Малков Е.И.,,Двоеборье,73,2020,Чемпионат России
15,Суворов Александр,,1990,1,Тверская область,АК Радуга,71.9,48,19,146,73,9,121,4,КМС+,"Жмаев А.С., Мастин А.Ю.",,Двоеборье,73,2020,Чемпионат России
16,Волдаев Александр ,,2000,КМС,Красноярский край,,72.55,73,13,70,35,17,108,3,КМС,Жернаков Д.В.,,Двоеборье,73,2020,Чемпионат России
17,Ташланов Илья ,,1987,МСМК,Р. Бурятия+ Челябинская область,Атлет,73,70,14,60,30,19,100,2,КМС,Денисов И.Н.,,Двоеборье,73,2020,Чемпионат России
18,Перминов Максим,,1994,1,Кировская область,"СШ""Юность""",71.1,61,17,57,28.5,20,89.5,1,,Малков Е.И.,,Двоеборье,73,2020,Чемпионат России
19,Кадыков Павел ,,1990,КМС,Калужская область,,73,49,18,67,33.5,18,82.5,1,,Трофимов М.А,,Двоеборье,73,2020,Чемпионат России
20,Битюков Иван,,1988,КМС,Тюменская область,ТР,72.4,33,20,75,37.5,16,70.5,1,,"Толстов С.Б., Бакум К.Е",,Двоеборье,73,2020,Чемпионат России
1,Квашнин Михаил ,,1988,МСМК,Свердловская область,Динамо,80.1,147,2,209,104.5,1,251.5,20,МСМК,"Хвостов А.В.
Чагаев А. Е.
",,Двоеборье,85,2020,Чемпионат России
2,Черкашин Дмитрий ,,1999,МСМК,Томская область,,85,151,1,182,91,5,242,18,МСМК,Тимофеев Н.А.,,Двоеборье,85,2020,Чемпионат России
3,Анасенко Антон,,1978,ЗМС,ЯНАО,,85,128,4,207,103.5,2,231.5,16,МС,"Жилин А.В.,Козленко В.Н.",,Двоеборье,85,2020,Чемпионат России
4,Баранов Артем ,,1998,МС,ХМАО-Югра,,83.45,134,3,194,97,3,231,15,МС,Барков А.П.,,Двоеборье,85,2020,Чемпионат России
5,Дьячков Олег,,1995,МСМК,Белгородская область,СШОР№5,81.7,115,8,190,95,4,210,14,МС,"Меркулин С.В.,",,Двоеборье,85,2020,Чемпионат России
6,Юрастов Станислав,,1973,МС,Самарская область,ВС,84.15,122,5,176,88,6,210,13,МС,Щербин О.В.,,Двоеборье,85,2020,Чемпионат России
7,Черкашин Иван ,,1999,МСМК,Томская область,,84.3,122,6,170,85,7,207,12,МС,Тимофеев Н.А.,,Двоеборье,85,2020,Чемпионат России
8,Павлов Валерий ,,1987,МСМК,Томская область,,80.15,117,7,166,83,8,200,11,МС,Ажермачев А.Б.,,Двоеборье,85,2020,Чемпионат России
9,Ванин Виктор,,1991,МС,Рязанская область,ДДЮ «Алые Паруса»,76.8,105,12,165,82.5,9,187.5,10,МС,"Хвостов А.В.,Шматов И.Б.",,Двоеборье,85,2020,Чемпионат России
10,Бородынкин Олег,,2002,КМС,Новосибирская область,,84.85,106,11,154,77,13,183,9,МС+,"Баер П.А.
Баев А.Е.
",,Двоеборье,85,2020,Чемпионат России
11,Бурлака Сергей,,1998,МС,Краснодарский край,ДЮСШ,84.2,106,10,153,76.5,14,182.5,8,МС,Голиков В.В.,,Двоеборье,85,2020,Чемпионат России
12,Филиппов Максим,,1993,КМС,Краснодарский край,ВС,83.45,115,9,128,64,17,179,7,МС+,Кутепов Н.И.,,Двоеборье,85,2020,Чемпионат России
13,Малиновский Семен ,,1989,КМС,Ленинградская область,,82.95,97,14,161,80.5,11,177.5,6,КМС,Виноградов М.Е.,,Двоеборье,85,2020,Чемпионат России
14,Степанов Сергей ,,1993,МС,Челябинская область,Атлет,79.95,94,15,162,81,10,175,5,КМС,Денисов И.Н.,,Двоеборье,85,2020,Чемпионат России
15,Макаров Алексей,,1988,КМС,Ивановская область,,82.75,99,13,117,58.5,19,157.5,4,КМС,Марков И.Э.,,Двоеборье,85,2020,Чемпионат России
16,Гнездилов Роман ,,1990,КМС,Курская область,,74.6,76,20,157,78.5,12,154.5,3,КМС,Мещеряков С.С.,,Двоеборье,85,2020,Чемпионат России
17,Петухов Александр,,1991,МС,Новосибирская область,,80.8,76,22,149,74.5,15,150.5,2,КМС,Бутенко А.А.,,Двоеборье,85,2020,Чемпионат России
18,Иванов Константин ,,1998,КМС,Р.Саха-Якутия,,84.9,82,17,132,66,16,148,1,КМС,Дьячковский В.Н.,,Двоеборье,85,2020,Чемпионат России
19,Анищенко Денис,,2002,КМС,Брянская область,ПФ,84.9,92,16,102,51,21,143,1,КМС,Беляев И.Н.,,Двоеборье,85,2020,Чемпионат России
20,Ращупкин Артём,,1998,МС,Омская область,,78.9,76,21,120,60,18,136,1,КМС,Анасенко А.В.,,Двоеборье,85,2020,Чемпионат России
21,Береза Егор ,,2003,КМС,Калужская область,СШ «Маршал»,80.95,65,24,115,57.5,20,122.5,1,КМС,Пянко И.А.,,Двоеборье,85,2020,Чемпионат России
22,Оконешников Сандал ,,1995,КМС,Р.Саха-Якутия,,85,80,18,80,40,24,120,1,КМС,Дьячковский В.Н.,,Двоеборье,85,2020,Чемпионат России
23,Липовцев Артем ,,1992,КМС,Калужская область,СШ «Маршал»,84.75,78,19,82,41,22,119,1,КМС,Трофимов М.А,,Двоеборье,85,2020,Чемпионат России
24,Олехнович Олег ,,1991,1,Новгородская область,,83.7,73,23,81,40.5,23,113.5,1,,Трофимов С.Н.,,Двоеборье,85,2020,Чемпионат России
25,Лелеков Антон ,,2001,КМС,Красноярский край,,77.55,50,25,70,35,25,85,1,,Блынду А.С.,,Двоеборье,85,2020,Чемпионат России
26,Шалимов Евгений,,1987,КМС,Орловская область,МБУ ДО ДЮСШ № 7,85,50,26,70,35,26,85,1,,Головашкин А.В.,,Двоеборье,85,2020,Чемпионат России
1,Марков Иван ,,1995,МСМК,Г.Санкт-Петербург,"СШОР им.Краевского,ВС РФ",100.15,164,1,211,105.5,1,269.5,20,МСМК,Семенов А.Н.,,Двоеборье,999,2020,Чемпионат России
2,Гуров Владимир ,,1978,ЗМС,Калужская область,СШ «Маршал»,90.9,160,2,177,88.5,6,248.5,18,МСМК,Трофимов М.А,,Двоеборье,999,2020,Чемпионат России
3,Турищев Дмитрий ,,1992,МСМК,Г. Москва,,96.75,148,3,194,97,3,245,16,МС,Савлова В.И.,,Двоеборье,999,2020,Чемпионат России
4,Дёмышев Егор,,2001,МСМК,Кировская область,"СШ""Юность""",113.4,130,4,200,100,2,230,15,МС,Малков Е.И.,,Двоеборье,999,2020,Чемпионат России
5,Шевелёв Дмитрий ,,1989,МС,Новосибирская область+Алтайский край,,117.7,121,7,183,91.5,4,212.5,14,МС,Рябченко А.В.,,Двоеборье,999,2020,Чемпионат России
6,Донских Александр ,,1990,МСМК,Омская область,,96.5,111,11,180,90,5,201,13,МС,Анасенко А.В.,,Двоеборье,999,2020,Чемпионат России
7,Дунаев Дмитрий,,2000,МС,Кировская область,"СШ""Юность""",92.25,121,6,152,76,10,197,12,МС,Малков Е.И.,,Двоеборье,999,2020,Чемпионат России
8,Брюханов Даниил ,,1995,МСМК,Г.Санкт-Петербург,,74.55,116,8,157,78.5,9,194.5,11,МС,Семенов М.М.,,Двоеборье,999,2020,Чемпионат России
9,Панов Александр,,1990,КМС,Калининградская область,,109.4,123,5,136,68,15,191,10,МС+,"Бабушкин М.Б., Егоров В.В.",,Двоеборье,999,2020,Чемпионат России
10,Попок Константин ,,2000,КМС,Г.Санкт-Петербург-Омская область,ВС РФ,89.85,116,9,146,73,12,189,9,КМС,Катаев И.В.,,Двоеборье,999,2020,Чемпионат России
11,Башаров Нурислам,,1983,МС,Р.Татарстан,,103.15,116,10,138,69,14,185,8,КМС,"Фёдоров ,В.Н",,Двоеборье,999,2020,Чемпионат России
12,Стаханов Валентин,,1990,МС,Омская область,,94.45,100,14,166,83,8,183,7,КМС,Анасенко А.В.,,Двоеборье,999,2020,Чемпионат России
13,Сидорко Виталий ,,1986,МС,Томская область,,96.5,97,15,170,85,7,182,6,КМС,"Полянский В.С.
Ажермачев А.Б.
",,Двоеборье,999,2020,Чемпионат России
14,Карасев Павел ,,1994,МС,Ростовская область,,101.6,101,13,151,75.5,11,176.5,5,КМС,"Абдуллин Р.Р.
Балабанов С.А.
",,Двоеборье,999,2020,Чемпионат России
15,Климов Юрий ,,1972,КМС,Ростовская область,,106.6,92,16,123,61.5,21,153.5,4,КМС,Морозов И.В.,,Двоеборье,999,2020,Чемпионат России
16,Шабунин Никита ,,2001,КМС,Томская область,,98.9,84,18,132,66,17,150,3,КМС,"Елесов Е.Н.,Коршунов С.Д.",,Двоеборье,999,2020,Чемпионат России
17,Горбунов Андрей ,,1988,КМС,Г.Санкт-Петербург,,104.15,81,19,128,64,20,145,2,КМС,"Виноградов М.
Марков И.
",,Двоеборье,999,2020,Чемпионат России
18,Чирков Леонид ,,2003,КМС,Калужская область,,103.9,107,12,62,31,27,138,1,КМС,Гуров В.А.,,Двоеборье,999,2020,Чемпионат России
19,Енедеров Дмитрий,,1984,МС,Чувашская Республика,,87.45,70,20,128,64,19,134,1,КМС,Глинкин Б. Н.,,Двоеборье,999,2020,Чемпионат России
20,Булатов Павел,,1983,МС,Кемеровская область,,87.9,60,23,145,72.5,13,132.5,1,КМС,Опшин В.Г.,,Двоеборье,999,2020,Чемпионат России
21,Николаев Аркадий ,,2002,1,Красноярский край,,88.9,89,17,84,42,25,131,1,КМС+,Николаев Р.А.,,Двоеборье,999,2020,Чемпионат России
22,Воробьев Олег ,,1972,1,Новгородская область,,87.95,64,22,132,66,16,130,1,КМС+,Трофимов С.Н.,,Двоеборье,999,2020,Чемпионат России
23,Шендо Никита  ,,1998,КМС,Красноярский край,,89,70,21,118,59,22,129,1,КМС,Лазаренко В.Н.,,Двоеборье,999,2020,Чемпионат России
24,Чегорев Александр ,,1983,1,Новгородская область,,92.75,50,24,130,65,18,115,1,,Трофимов С.Н.,,Двоеборье,999,2020,Чемпионат России
25,Рехтик Александр ,,1986,1,Псковская область ,ВС,117.1,50,25,118,59,23,109,1,,Лапшин Н.С.,,Двоеборье,999,2020,Чемпионат России
26,Боян Станкович,,1988,1,Р.Удмуртия,,97.7,39,26,104,52,24,91,1,,Анасенко А.В.,,Двоеборье,999,2020,Чемпионат России
27,Кахаев Алексей ,,1995,1,Псковская область ,ВС,91.65,31,27,69,34.5,26,65.5,1,,"Лапшин Н.С.
Гугин А.В.
",,Двоеборье,999,2020,Чемпионат России
