Место,Ф.И.,,Дата рождения,Разряд,Команда,"ДСО, ведомство",Соб. вес,Толчок,Ком. очки,Вып. разряд,ФИО тренера(тренеров),,Вид,в/к,Год,Соревнования 
1,Рябков Алексей,,1993,МСМК,Тюменская область,,63,73,20,МСМК,"Мартьянов А.В., Алтухов Д.В.",,ДЦ,63,2017,Чемпионат России
2,Гаджимутелимов Гаджимирза,,1995,МСМК,Калужская область,,63,71,18,МСМК,Трофимов М.А.,,ДЦ,63,2017,Чемпионат России
3,Бутенко Евгений,,1995,МСМК,Новосибирская область,,62.75,67,16,МСМК,Бутенко А.А.,,ДЦ,63,2017,Чемпионат России
4,Недорезов Василий,,1992,МСМК,респ. Бурятия,,63,63,15,МСМК,"Любимский С.А., Рассадин А.А., Барсуков А.П.",,ДЦ,63,2017,Чемпионат России
5,Симушин Андрей,,1990,МС,Челябинская область,,62.45,50,14,МС,"Денисов И.Н., Лихачев В.А.",,ДЦ,63,2017,Чемпионат России
6,Жбанов Алексей,,1986,МС,ХМАО-Югра,,63,50,13,МС,Барков А.П.,,ДЦ,63,2017,Чемпионат России
7,Назаров Тимофей,,1994,МС,Томская область,,62.75,46,12,МС,Коршунов С.Д.,,ДЦ,63,2017,Чемпионат России
8,Алексанов Кирилл,,1996,МС,Брянская область,,62.95,38,11,КМС,"Курохтин И.А., Склема Д.С.",,ДЦ,63,2017,Чемпионат России
1,Иванов Евгений,,1997,МСМК,Смоленская область,,67.4,74,20,МСМК,"Шванев В.Б., Мармазов С.В.",,ДЦ,68,2017,Чемпионат России
2,Усольцев Александр,,1992,МСМК,Тюменская область,,67.7,74,18,МСМК,"Ефимов А.В., Бутыч В.В.",,ДЦ,68,2017,Чемпионат России
3,Кобзарь Владимир,,1997,МСМК,Тюменская область,,67.85,72,16,МСМК,"Чеботарев Ю.Ю., Даричев Е.Н., Мартьянов А.В.",,ДЦ,68,2017,Чемпионат России
4,Сутягин Валентин,,1992,МСМК,Томская область,,68,68,15,МСМК,"Полянский В.С., Чепуштанов И.В.",,ДЦ,68,2017,Чемпионат России
5,Кузнецов Данила,,1996,МС,Москва,,67.85,63,14,МСМК,Шаповалов Е.Г.,,ДЦ,68,2017,Чемпионат России
6,Игитханян Руслан,,1995,МС,Санкт-Петербург,,67.95,62,13,МС,"Фадеев А.С., Семенов А.Н.",,ДЦ,68,2017,Чемпионат России
7,Панов Алексей,,1991,МС,Томская область,,68,55,12,МС,Денисенко А.В.,,ДЦ,68,2017,Чемпионат России
8,Алексанян Давид,,2001,МС,Калужская область,,67.7,52,11,МС,Пянко И.А.,,ДЦ,68,2017,Чемпионат России
9,Толстокора Олег,,1986,МС,Ростовская область,,67.55,51,10,МС,Добровольский А.С.,,ДЦ,68,2017,Чемпионат России
10,Крикунов Виталий,,1984,МС,ЯНАО,,67.45,49,9,МС,"Жилин А.В., Анасенко А.В.",,ДЦ,68,2017,Чемпионат России
11,Чокан Петр,,1991,МСМК,Брянская область,,68,45,8,МС,Гомонов В.Н.,,ДЦ,68,2017,Чемпионат России
12,Николаев Алексей,,1994,МС,Омская область,,67.1,31,7,,Анасенко А.В.,,ДЦ,68,2017,Чемпионат России
1,Беляев Иван,,1992,МСМК,Белгородская область,,72.4,84,20,МСМК,"Меркулин С.В., Власов А.П.",,ДЦ,73,2017,Чемпионат России
2,Смирнов Владимир,,1999,МСМК,Калужская область,,71.2,81,18,МСМК,Трофимов М.А.,,ДЦ,73,2017,Чемпионат России
3,Коляков Антон,,1997,МСМК,Санкт-Петербург,,73,68,16,МСМК,"Кириллов С.А., Коляков Е.В., Катаев И.В.",,ДЦ,73,2017,Чемпионат России
4,Сясин Максим,,1991,МС,Брянская область,,71.3,64,15,МС,"Курохтин И.А., Склема Д.С.",,ДЦ,73,2017,Чемпионат России
5,Шипицын Максим,,1990,МС,Тюменская область,,72.3,63,14,МС,"Даричев Е.Н., Толстов С.Б.",,ДЦ,73,2017,Чемпионат России
6,Шаповалов Евгений,,1979,МСМК,Москва,,70.4,55,13,МС,Кадиров Н.Н.,,ДЦ,73,2017,Чемпионат России
7,Королев Роман,,1996,МС,Томская область,,72.35,53,12,МС,"Бажин А.М., Ажемачев А.Б.",,ДЦ,73,2017,Чемпионат России
8,Проничев Егор,,1992,КМС,Томская область,,72.6,52,11,+МС,"Ажермачев А.Б., Штырев А.А., Беев Н.В.",,ДЦ,73,2017,Чемпионат России
9,Борисов Михаил,,1997,КМС,Томская область,,72.35,44,10,КМС,Ажермачев А.Б.,,ДЦ,73,2017,Чемпионат России
10,Мазиков Сергей,,1992,МС,Томская область,,70,40,9,,Бажин А.М.,,ДЦ,73,2017,Чемпионат России
1,Чуев Павел,,1997,МСМК,Белгородская область,,77.3,84,20,МСМК,Конев А.В.,,ДЦ,78,2017,Чемпионат России
2,Коломацкий Алексей,,1994,МСМК,Краснодарский край,,77.7,83,18,МСМК,"Сахаров В.В., Мащенко О.В.",,ДЦ,78,2017,Чемпионат России
3,Полянский Владимир,,1985,МСМК,Томская область,,78,81,16,МСМК,"Сидельников А.А., Ажермачев А.Б.",,ДЦ,78,2017,Чемпионат России
4,Селиверстов Семен,,1989,МС,Челябинская область,,77.7,79,15,МСМК,"Нестеренко Д.В., Ташланов И.С.",,ДЦ,78,2017,Чемпионат России
5,Черкашин Иван,,1999,МС,Томская область,,77.3,67,14,МС,Тимофеев Н.А.,,ДЦ,78,2017,Чемпионат России
6,Жижикин Алексей,,1975,МСМК,Брянская область,,78,66,13,МС,Гомонов В.Н.,,ДЦ,78,2017,Чемпионат России
7,Смирнов Алексей,,1984,МСМК,Калужская область,,76.8,63,12,МС,Трофимов М.А.,,ДЦ,78,2017,Чемпионат России
8,Фролов Василий,,1996,МС,Брянская область,,77.05,61,11,МС,"Курохтин И.А., Склема Д.С.",,ДЦ,78,2017,Чемпионат России
9,Карпов Николай,,1994,МС,Тюменская область,,77.9,59,10,МС,"Даричев Е.Н., Толстов С.Б.",,ДЦ,78,2017,Чемпионат России
10,Бабичев Максим,,1991,МС,Омская область,,76.4,56,9,МС,Анасенко А.В.,,ДЦ,78,2017,Чемпионат России
11,Дубков Артем,,1994,МС,Томская область,,77.8,56,8,МС,Ажермачев А.Б.,,ДЦ,78,2017,Чемпионат России
12,Стремедловский Виталий,,1991,МС,Красноярский край,,77.9,42,7,,Байкалов Л.И.,,ДЦ,78,2017,Чемпионат России
13,Музыкин Максим,,1987,МСМК,Санкт-Петербург,,77.65,37,6,,Чугаев Д.,,ДЦ,78,2017,Чемпионат России
1,Фещенко Владимир,,1998,МС,Москва,,84.3,81,20,МСМК,Шаповалов Е.Г.,,ДЦ,85,2017,Чемпионат России
2,Кулаков Иван,,1998,МСМК,Рязанская область,,84.55,78,18,МСМК,Шматов И.Б.,,ДЦ,85,2017,Чемпионат России
3,Клепиков Артем,,1998,МС,Кировская область,,84.4,78,16,МСМК,Малков Е.И.,,ДЦ,85,2017,Чемпионат России
4,Любимский Сергей,,1992,МСМК,респ. Бурятия,,79.55,73,15,МС,"Бутыч В.В., Блохин И.А.",,ДЦ,85,2017,Чемпионат России
5,Чепуштанов Игорь,,1989,МСМК,Томская область,,81.95,70,14,МС,Ажермачев А.Б.,,ДЦ,85,2017,Чемпионат России
6,Литвинко Валерий,,1978,МСМК,Санкт-Петербург,,85,70,13,МС,"Семенов А.Н., Кириллов С.А.",,ДЦ,85,2017,Чемпионат России
7,Новиков Александр,,1992,МС,Новосибирская область,,81.6,66,12,МС,самостоятельно,,ДЦ,85,2017,Чемпионат России
8,Латышенко Сергей,,1993,МС,Тюменская область,,84.7,64,11,МС,Бакум К.Е.,,ДЦ,85,2017,Чемпионат России
9,Денисенко Дмитрий,,1997,МС,Томская область,,81.35,58,10,МС,"Денисенко А.В., Полянский В.С.",,ДЦ,85,2017,Чемпионат России
10,Тутов Алексей,,1994,МС,Алтайский край,,83.85,53,9,КМС,Супрунов С.И.,,ДЦ,85,2017,Чемпионат России
11,Рысник Сергей,,1995,МС,Омская область,,83.4,50,8,,"Елисеев В.С., Переверзев Н.И.",,ДЦ,85,2017,Чемпионат России
1,Балабанов Сергей,,1996,МСМК,Ростовская область,,94,88,20,МСМК,"Добровольский А.С., Пастухов И.В.",,ДЦ,95,2017,Чемпионат России
2,Гуров Владимир,,1978,МСМК,Калужская область,,91.8,85,18,МСМК,Трофимов М.А.,,ДЦ,95,2017,Чемпионат России
3,Опенлендер Эдуард,,1990,МС,Омская область,,94.3,83,16,МСМК,"Анасенко А.В., Барсуков А.П.",,ДЦ,95,2017,Чемпионат России
4,Гришаев Николай,,1980,МСМК,Мурманская область,,94.95,68,15,МС,"Суховей А.В., Рачинский С.",,ДЦ,95,2017,Чемпионат России
5,Коляков Евгений,,1974,МСМК,Санкт-Петербург,,94.85,63,14,МС,"Чмыхало Н.А., Морозов И.",,ДЦ,95,2017,Чемпионат России
6,Калистратов Артем,,1992,МС,Смоленская область,,93.6,62,13,МС,Сергеев С.В.,,ДЦ,95,2017,Чемпионат России
7,Авдеев Григорий,,1992,КМС,Челябинская область,,90.9,61,12,+МС,"Нестеренко Д.В., Селиверстов С.В.",,ДЦ,95,2017,Чемпионат России
8,Сорокин Николай,,1988,КМС,Воронежская область,,88.2,60,11,+МС,"Воропаев В.И., Зюзина О.В.",,ДЦ,95,2017,Чемпионат России
9,Дударев Иван,,1999,КМС,Томская область,,93.1,60,10,+МС,Павлов В.Ю.,,ДЦ,95,2017,Чемпионат России
10,Сеченов Виктор,,1991,КМС,Ростовская область,,87.55,47,9,,Добровольский А.С.,,ДЦ,95,2017,Чемпионат России
11,Лукьянчиков Юрий,,1986,МС,Брянская область,,89.75,42,8,,Гомонов В.Н.,,ДЦ,95,2017,Чемпионат России
1,Кичимаев Николай,,1987,МСМК,Санкт-Петербург,,106.45,82,20,МС,"Кириллов С.А., Семенов А.Н.",,ДЦ,999,2017,Чемпионат России
2,Донских Александр,,1990,МСМК,Омская область,,95.35,80,18,МС,Анасенко А.В.,,ДЦ,999,2017,Чемпионат России
3,Тихомиров Владислав,,1996,МС,Санкт-Петербург,,96.3,75,16,МС,"Кириллов С.А., Дубровин Д, Петров В.",,ДЦ,999,2017,Чемпионат России
4,Меметов Энвер,,1989,МС,Респ. Крым,,99,71,15,МС,Эмирасанов Э.К.,,ДЦ,999,2017,Чемпионат России
5,Дворцов Владимир,,1986,МС,Брянская область,,107.8,67,14,МС,Гомонов В.Н.,,ДЦ,999,2017,Чемпионат России
6,Саврасов Вячеслав,,1987,МС,Омская область,,102,60,13,КМС,Анасенко А.В.,,ДЦ,999,2017,Чемпионат России
7,Шалимов Василий,,1976,КМС,Челябинская область,,103.35,56,12,,Загребин И.М.,,ДЦ,999,2017,Чемпионат России
8,Коршунов Сергей,,1990,МС,Томская область,,95.45,52,11,,Ажермачев А.Б.,,ДЦ,999,2017,Чемпионат России
9,Хадиев Фаиль,,1981,МС,респ. Татарстан,,114.95,45,10,,Горшенин А.П.,,ДЦ,999,2017,Чемпионат России
1,Бутенко Евгений,,1995,МСМК,Новосибирская обл.,,62.6,66,20,МСМК,Бутенко А.А.,,ДЦ,63,2018,Чемпионат России
2,Недорезов Василий,,1992,МСМК,Республика Бурятия,ВС,63,58,18,МС,"Любимский С.А., Рассадин А.А., Барсуков А.П.",,ДЦ,63,2018,Чемпионат России
3,Жбанов Алексей,,1986,МС,ХМАО-Югра,,63,54,16,МС,Барков А.П.,,ДЦ,63,2018,Чемпионат России
4,Лупандин Сергей,,1997,МСМК,Белгородская обл.,ДЮСШ,62.7,53,15,МС,Конев А.В.,,ДЦ,63,2018,Чемпионат России
5,Павлов Иван,,1990,МС,Санкт-Петербург,,61.7,46,14,МС,Горохов В.В.,,ДЦ,63,2018,Чемпионат России
6,Андреев Максим,,2000,КМС,Тюменская область,,62.9,44,13,МС+, Ефимов А.В.,,ДЦ,63,2018,Чемпионат России
7,Дубинин Максим,,1989,МС,Брянская область,ВС,63,41,12,КМС,Гомонов В. Н.,,ДЦ,63,2018,Чемпионат России
8,Куделин Максим,,1995,КМС,Ярославская область,,62.95,37,11,КМС,"Елькин Ю.Г., Захаров П.С.",,ДЦ,63,2018,Чемпионат России
9,Бутенко Игорь,,1990,МС,Новосибирская обл.,,62.45,36,10,КМС,Бутенко А.А.,,ДЦ,63,2018,Чемпионат России
10,Малинников Евгений,,1994,МС,Р. Чувашия,,59,33,9,,Глинкин Б.Н.,,ДЦ,63,2018,Чемпионат России
11,Калиев Талгат,,1996,КМС,Санкт-Петербург,,61.3,32,8,,Фадеев А,,ДЦ,63,2018,Чемпионат России
12,Брюханов Константин,,1978,КМС,Санкт-Петербург,,62.4,32,7,,Хвостов А. В.,,ДЦ,63,2018,Чемпионат России
13,Бежко Павел ,,1985,МС,Р. Крым,,63,22,6,,Трофимов М.А.,,ДЦ,63,2018,Чемпионат России
1,Рябков Алексей,,1993,МСМК,Тюменская область,ВС,67.9,78,20,МСМК,Мартьянов А.В.,,ДЦ,68,2018,Чемпионат России
2,Кобзарь Владимир ,,1997,МСМК,Тюменская область,ВС,67.75,76,18,МСМК,"Чеботарев Ю.Ю,Даричев Е.Н., Мартьянов А.В.",,ДЦ,68,2018,Чемпионат России
3,Рыжков Антон,,1994,МСМК,Санкт-Петербург,"СШОР им.Краевского, ВС РФ",67.4,74,16,МСМК,"Кириллов С.А., Степанов В.И.",,ДЦ,68,2018,Чемпионат России
4,Гаджимутелимов Гаджимирза,,1995,МСМК,Калужская область,"СШ ""Маршал""",67.4,67,15,МС,Трофимов М.А.,,ДЦ,68,2018,Чемпионат России
5,Усольцев Александр,,1992,МСМК,Тюменская область,,67.75,66,14,МС,"Ефимов А.В., Бутыч В.В.",,ДЦ,68,2018,Чемпионат России
6,Оленов Владимир,,1991,МС,Респ.Саха(Якутия),,68,60,13,МС,Дьячковский В.Н.,,ДЦ,68,2018,Чемпионат России
7,Шадрин Виталий ,,1998,КМС,Томская область,,67.2,56,12,мс+,"Дягилев А.В., Дягилев А.В.",,ДЦ,68,2018,Чемпионат России
8,Чайка Андрей ,,1990,МС,Р. Крым,,68,55,11,КМС,"Эмирасанов Э.К., Кирилов С.А.",,ДЦ,68,2018,Чемпионат России
9,Чокан Петр,,1991,МСМК,Брянская область,ВС,67.8,51,10,КМС,Гомонов В. Н.,,ДЦ,68,2018,Чемпионат России
10,Николаев Алексей,,1994,МС,Омская область,,67.45,46,9,КМС,Анасенко А.В.,,ДЦ,68,2018,Чемпионат России
11,Остряков Сергей ,,1996,1 р,Воронежская область,,67.05,30,8,,"Воропаев В. И., Сорокин Н. Н.",,ДЦ,68,2018,Чемпионат России
1,Беляев Иван,,1992,МСМК,ХМАО-Югра,,72.35,84,20,МСМК,"Шпартко М.А.,Меркулин С.В., Власов А.П.",,ДЦ,73,2018,Чемпионат России
2,Смирнов Владимир,,1999,МСМК,Калужская область,"СШ ""Маршал""",71.75,80,18,МСМК,Трофимов М.А.,,ДЦ,73,2018,Чемпионат России
3,Коляков Антон,,1997,МСМК,Санкт-Петербург,"СШОР им.Краевского, ВС РФ",72.6,71,16,МС,"Кириллов С.А., Катаев И.В.",,ДЦ,73,2018,Чемпионат России
4,Каргин Сергей,,1998,МС,Республика Бурятия,ВС,72.25,66,15,МС,"Каргин Я.Л., Рассадин А.А.",,ДЦ,73,2018,Чемпионат России
5,Фефелов Федор,,1994,МС,Тюменская область,ВС,72.95,62,14,МС,"Толстов С.Б., Вязовиков А.Н.",,ДЦ,73,2018,Чемпионат России
6,Алексанян Давид,,2001,МС,Калужская область,"СШ ""Маршал""",72.8,60,13,КМС,Пянко И.А. Трофимов М.А,,ДЦ,73,2018,Чемпионат России
7,Кадыров Радмир,,1991,МС,Р.Башкортостан,,72.9,57,12,КМС,Гладких В.Л.,,ДЦ,73,2018,Чемпионат России
8,Петров Сергей,,1993,МС,Санкт-Петербург,СШОР им.Краевского,72.4,54,11,КМС,"Драбкин Ю., Семёнов А.",,ДЦ,73,2018,Чемпионат России
9,Лось Иван,,1996,КМС,Санкт-Петербург,Динамо,72.9,53,10,КМС,Кичимаев Н.,,ДЦ,73,2018,Чемпионат России
10,Угаров Иван,,1988,МС,Р.Татарстан,,72.55,48,9,КМС,Абдуллин Р.Р.,,ДЦ,73,2018,Чемпионат России
11,Толстокора Олег ,,1987,МС,Ростовская область,,71.5,40,8,,Добровольский А.С.,,ДЦ,73,2018,Чемпионат России
1,Чуев Павел,,1996,МСМК,Санкт-Петербург+ Белгородская область,СШОР им.Краевского,83.2,90,20,МСМК,"Кириллов С.А,Драбкин Ю.,Конев А.В.",,ДЦ,85,2018,Чемпионат России
2,Рысник Сергей,,1995,МС,Омская область,,83.1,79,18,МС,"Елисеев В.С., Переверзев Н.И.",,ДЦ,85,2018,Чемпионат России
3,Селиверстов Семен,,1989,МСМК,Челябинская обл.,"""Олимп""",84.8,79,16,МС,Нестеренко Д. В. Ташланов И. С.,,ДЦ,85,2018,Чемпионат России
4,Коломацкий Алексей,,1994,МСМК,Краснодарский край,ДЮСШ,79.75,77,15,МС,Сахаров В.В.,,ДЦ,85,2018,Чемпионат России
5,Загороднев Максим,,1992,МС,Томская область,,80.4,76,14,МС,Дягилев А.В.,,ДЦ,85,2018,Чемпионат России
6,Литвинко Валерий,,1978,МСМК,Санкт-Петербург,СШОР им.Краевского,85,76,13,МС,"Семенов А.Н., Кириллов С.А.",,ДЦ,85,2018,Чемпионат России
7,Чепуштанов Игорь,,1989,МСМК,Томская область,,81.4,75,12,МС,Ажермачев А.Б.,,ДЦ,85,2018,Чемпионат России
8,Дьячков Олег,,1995,МСМК,Белгородская область,СШОР 5,84.75,74,11,МС,Меркулин С.В,,ДЦ,85,2018,Чемпионат России
9,Любимский Сергей,,1992,МСМК,Респ. Бурятия,ВС,77.5,73,10,МС,"Блохин И.А.,Бутыч В.",,ДЦ,85,2018,Чемпионат России
10,Клепиков Артем ,,1998,МС,Кировская область,"СШ""Юность""",84.2,72,9,МС,Малков Е.И.,,ДЦ,85,2018,Чемпионат России
11,Сагандыков Асет,,1996,МС,Санкт-Петербург+    Омская обл.,ВС,77,71,8,МС,"Катаев И.В.,Козленко В.Н.",,ДЦ,85,2018,Чемпионат России
12,Черкашин Иван,,1999,МСМК,Томская область,,83.5,71,7,МС,Тимофеев Н.А.,,ДЦ,85,2018,Чемпионат России
13,Захаров Павел,,1995,МС,Ярославская область,,85,71,6,МС,"Егоров В.В.,Елькин Ю.Г.",,ДЦ,85,2018,Чемпионат России
14,Кулаков Иван,,1998,МСМК,Рязанская область,"ДДЮ""Алые паруса""",84.25,69,5,МС,Шматов И.Б.,,ДЦ,85,2018,Чемпионат России
15,Кудинов Константин,,2000,КМС,Омская область,,83.85,67,4,КМС,"Козленко В.Н., Корнеев А.Н.",,ДЦ,85,2018,Чемпионат России
16,Латышенко Сергей,,1993,МС,Тюменская область,,83.3,60,3,КМС,Бакум К.Е.,,ДЦ,85,2018,Чемпионат России
17,Смирнов Александр,,1982,МС,Санкт-Петербург,СШОР им.Краевского,84.5,40,2,,Семёнов А.Н.,,ДЦ,85,2018,Чемпионат России
1,Балабанов Сергей,,1996,МСМК,Ростовская область,,94.65,93,20,МСМК,"Добровольский А.С., Пастухов И.В.",,ДЦ,999,2018,Чемпионат России
2,Кичимаев Николай,,1987,МСМК,Санкт-Петербург,"СШОР им.Краевского, ВС РФ",105.3,90,18,МСМК,"Кириллов С.А., Семенов А.Н.,Козниенко И.В.",,ДЦ,999,2018,Чемпионат России
3,Давыдов Денис,,1992,МСМК,Ярославская область,,88.85,85,16,МС,"Гоголев М.Н.,Потапов К.И.",,ДЦ,999,2018,Чемпионат России
4,Гуров Владимир,,1978,МСМК,Калужская область,"СШ ""Маршал""",91.7,81,15,МС,Трофимов М.А.,,ДЦ,999,2018,Чемпионат России
5,Донских Александр,,1990,МСМК,Омская область,,94.7,79,14,МС,"Анасенко А.В., Лазарев Л.Н.",,ДЦ,999,2018,Чемпионат России
6,Тихомиров Владислав,,1996,МС,Санкт-Петербург,"СШОР им.Краевского, ВС РФ",97.9,76,13,МС,"Семенов А.Н. Кириллов С.А., Дубровин Д.А.",,ДЦ,999,2018,Чемпионат России
7,Лукьянчиков Юрий,,1986,МС,Брянская область,Профсоюзы,92.2,75,12,МС,Гомонов В. Н,,ДЦ,999,2018,Чемпионат России
8,Шипилов Григорий ,,1996,МС,ХМАО-Югра,,104.6,72,11,КМС,Садыков Р.И,,ДЦ,999,2018,Чемпионат России
9,Майер Олег,,2002,КМС,Тюменская область,,85.15,68,10,КМС,Андреев И.Г.,,ДЦ,999,2018,Чемпионат России
10,Коршунов Сергей,,1990,МС,Томская область,,90.5,65,9,КМС,Ажермачев А.Б.,,ДЦ,999,2018,Чемпионат России
11,Пономарев Дмитрий,,1972,МС,Рязанская область,"ДДЮ""Алые паруса""",96.4,65,8,КМС,Шматов И.Б,,ДЦ,999,2018,Чемпионат России
12,Фролов Василий,,1996,МС,Брянская область,Профсоюзы,85.55,62,7,КМС,"Курохтин И.А., Склема Д.С.",,ДЦ,999,2018,Чемпионат России
13,Опенлендер Эдуард,,1990,МС,Омская область,,92.75,62,6,КМС,Анасенко А.В.,,ДЦ,999,2018,Чемпионат России
14,Коляков Евгений,,1974,МСМК,Санкт-Петербург, ВС РФ,96.1,61,5,КМС,Чмыхало Н.А.,,ДЦ,999,2018,Чемпионат России
15,Стаханов Валентин,,1990,МС,Оренбургская область,,96.7,61,4,КМС,"Пуякин А.П.,Павлов С.П.,Баранов В.В.",,ДЦ,999,2018,Чемпионат России
16,Шевелев Дмитрий,,1989,МС,Алтайский край,,114.85,61,3,КМС,Рябченко А.В.,,ДЦ,999,2018,Чемпионат России
17,Меметов Энвер,,1989,МС,Р. Крым,,105.45,60,2,КМС,Эмирасанов Э.К.,,ДЦ,999,2018,Чемпионат России
18,Бровдий Иван,,1984,1 р,Воронежская область,,97.75,54,1,,самостоятельно,,ДЦ,999,2018,Чемпионат России
19,Дударев Иван ,,1999,МС,Томская область,,104,42,0,,Павлов В.Ю.,,ДЦ,999,2018,Чемпионат России
1,Бутенко Евгений,,1995,МСМК,Новосибирская область,,62.4,64,20,МСМК,Бутенко А.А.,,ДЦ,63,2019,Чемпионат России
2,Лупандин Сергей,,1997,МСМК,Белгородская область,,62.85,63,18,МСМК,"Конев А.В., Саидов М.С.",,ДЦ,63,2019,Чемпионат России
3,Недорезов Василий,,1992,МСМК,Респ.Бурятия,,63,61,16,МСМК,"Любимский С.А., Рассадин А.А., Барсуков А.П.",,ДЦ,63,2019,Чемпионат России
4,Жбанов Алексей,,1986,МС,ХМАО-Югра,,63,54,15,МС,Барков А.П.,,ДЦ,63,2019,Чемпионат России
5,Шиваков Дмитрий,,2001,КМС,Тюменская область,,62.6,51,14,МС+,"Глухарев М.А., Ефимов А.В.",,ДЦ,63,2019,Чемпионат России
6,Зубков Олег,,2001,1,Белгородская область,СШОР№5 / СШОР г.Губкин,62.25,44,13,МС,"Конев А.В., Вильган А.П., Саидов М.С.",,ДЦ,63,2019,Чемпионат России
7,Бежко Павел,,1986,МС,Калужская область\Р. Крым,,62.95,34,12,,"Трофимов М.А., Эмирсанов Э.К.",,ДЦ,63,2019,Чемпионат России
8,Хакимов Ильнур,,1996,МС,Республика Татарстан,,62.85,26,11,,Хаммадов В.С.,,ДЦ,63,2019,Чемпионат России
9,Хамидов Фахриддин,,2002,КМС,Калужская область,"СШ ""Маршал""",61.6,21,10,,"Барбакова Н.А., Трофимов М.А.",,ДЦ,63,2019,Чемпионат России
10,Шепелев Никита,,2001,1,Белгородская область,СШОР№5,62.25,13,9,,"Вильган А.П., Меркулин С.В., Харин В.С.",,ДЦ,63,2019,Чемпионат России
11,Шуванов Александр ,,2000,КМС,Калужская область,"СШ ""Маршал""",56.55,10,8,,"Барбакова Н.А., Трофимов М.А.",,ДЦ,63,2019,Чемпионат России
1,Рыжков Антон,,1994,МСМК,г.Санкт-Петербург,СШОР им.Краевского /               ВС РФ,67.85,78,20,МСМК,"Кириллов С.А.,Степанов А.",,ДЦ,68,2019,Чемпионат России
2,Рябков Алексей,,1993,МСМК,Тюменская область,,67.8,77,18,МСМК,"Мартьянов А.В., Алтухов Д.В.",,ДЦ,68,2019,Чемпионат России
3,Иванов Евгений,,1997,МСМК,Смоленская область,,67.6,76,16,МСМК,Шванев В.Б.,,ДЦ,68,2019,Чемпионат России
4,Усольцев Александр,,1992,МСМК,Тюменская область,,68,73,15,МСМК,"Ефимов А.В., Бутыч В.В.",,ДЦ,68,2019,Чемпионат России
5,Шадрин Виталий,,1998,КМС,Томская область,,67.75,58,14,МС,Дягилев А.В.,,ДЦ,68,2019,Чемпионат России
6,Богданов Вадим,,1998,МСМК,г.Москва,Динамо,67.8,54,13,КМС,"Огарев В.Я., Шаповалов Е.Г.",,ДЦ,68,2019,Чемпионат России
7,Кириллов Даниил ,,2002,КМС,Республика Башкортостан,,66.9,44,12,,Абзалова И.В.,,ДЦ,68,2019,Чемпионат России
8,Горячев Иван,,2001,КМС,г.Москва,ВС РФ,67.8,39,11,,Турищев Д.В.,,ДЦ,68,2019,Чемпионат России
9,Кашин Кирилл,,2003,1,Кировская область,СШ «Юность»,65.75,21,10,,Малков Е.И.,,ДЦ,68,2019,Чемпионат России
10,Свищев Эдуард,,2001,КМС,Республика Татарстан,,65.55,11,9,,Забиров Р.Р.,,ДЦ,68,2019,Чемпионат России
1,Беляев Иван,,1992,ЗМС,ХМАО-Югра,,73,82,20,МСМК,"Шпартко М.А., Власов А.П.",,ДЦ,73,2019,Чемпионат России
2,Каргин Сергей,,1998,МС,респ.Бурятия,,70.45,71,18,МС,"Рассадин А.А., Каргин Я.Л.",,ДЦ,73,2019,Чемпионат России
3,Кузнецов Данила,,1996,МС,г.Москва,Динамо,71.65,71,16,МС,Шаповалов Е.Г.,,ДЦ,73,2019,Чемпионат России
4,Сарсембаев Ильяс,,1999,МС,ЯНАО,,72.95,65,15,МС,Латыпов Е.А.,,ДЦ,73,2019,Чемпионат России
5,Чокан Петр,,1991,МСМК,Брянская область,ВС РФ,72.8,63,14,МС,Гомонов В.Н.,,ДЦ,73,2019,Чемпионат России
6,Шпырков Роман ,,1993,МС,Астраханская область,,69.8,62,13,МС,Чернов М.В.,,ДЦ,73,2019,Чемпионат России
7,Кадыров Радмир ,,1991,МС,Республика Башкортостан,,72.6,56,12,КМС,Гладких В.Л,,ДЦ,73,2019,Чемпионат России
8,Кирюхин Сергей,,2000,МС,Белгородская область,СШОР№5,72.6,52,11,КМС,Вильган А.П.,,ДЦ,73,2019,Чемпионат России
9,Угаров Иван,,1988,МС,Республика Татарстан,,72.65,49,10,КМС,Абдуллин Р.Р.,,ДЦ,73,2019,Чемпионат России
10,Шамара Юрий,,1995,МС,г.Москва,Динамо,72.7,49,9,КМС,Шаповалов Е.Г.,,ДЦ,73,2019,Чемпионат России
11,Береза Егор,,2003,КМС,Калужская область,,72.8,34,8,,Пянко И.А.,,ДЦ,73,2019,Чемпионат России
1,Клепиков Артём,,1998,МСМК,Кировская область,СШ «Юность»,84.85,90,20,МСМК,Малков Е.И.,,ДЦ,85,2019,Чемпионат России
2,Фещенко Владимир,,1998,МСМК,г.Москва,Динамо,82.95,84,18,МСМК,Шаповалов Е.Г.,,ДЦ,85,2019,Чемпионат России
3,Чуев Павел,,1997,МСМК,г.Санкт-Петербург,СШОР им.Краевского,83.4,84,16,МСМК,"Кириллов С.А.,Конев А.",,ДЦ,85,2019,Чемпионат России
4,Рысник Сергей,,1995,МС,Омская область,,83.95,84,15,МСМК+,"Елисеев В.С., Переверзев Н.И.",,ДЦ,85,2019,Чемпионат России
5,Анасенко Антон,,1979,ЗМС,ЯНАО,,84.6,82,14,МСМК,"Жилин А.В.,Козленко В.Н.",,ДЦ,85,2019,Чемпионат России
6,Селивёрстов Семён,,1989,МСМК,Челябинская область,,83.9,81,13,МС,"Нестеренко Д.В.,Ташланов И.С.",,ДЦ,85,2019,Чемпионат России
7,Любимский Сергей,,1992,МСМК,Респ.Бурятия,,83.05,78,12,МС,Блохин И.А.Ташланов И.С.,,ДЦ,85,2019,Чемпионат России
8,Майер Олег,,2002,КМС,Тюменская область,,79.35,76,11,МС+,Андреев И.Г.,,ДЦ,85,2019,Чемпионат России
9,Баранов Артем,,1998,МС,ХМАО-Югра,,82.4,76,10,МС,Барков А.П.,,ДЦ,85,2019,Чемпионат России
10,Черкашин Иван,,1999,МСМК,Томская область,,83.9,74,9,МС,Тимофеев Н.А.,,ДЦ,85,2019,Чемпионат России
11,Акульшин Алексей,,1994,МС,Оренбургская область,,78.8,72,8,МС,Баранов В.В.,,ДЦ,85,2019,Чемпионат России
12,Чепуштанов Игорь,,1989,МСМК,Томская область,,82.1,72,7,МС,"Ажермачев А.Б.,Тимофеев Н.А.",,ДЦ,85,2019,Чемпионат России
13,Сагандыков Асет ,,1996,МС,г.Санкт-Петербург,ВС РФ,79.75,71,6,МС,"Катаев И.В.,Сагандыков С.С.",,ДЦ,85,2019,Чемпионат России
14,Мухитов Андрей,,1999,КМС,Брянская область,Профсоюзы,83.6,67,5,КМС,Гомонов В.Н.,,ДЦ,85,2019,Чемпионат России
15,Пучков Родион ,,1989,МС,Калужская область/Волгоградская область,,84.05,58,4,КМС,Трофимов М.А. ,,ДЦ,85,2019,Чемпионат России
16,Ульянов Сергей  ,,1998,КМС,Республика Башкортостан,,83.45,52,3,,Гладких В.Л,,ДЦ,85,2019,Чемпионат России
17,Кудинов Константин,,2000,КМС,Омская область,,84.4,51,2,,"Козленко В.Н.,Корнеев А.Н.",,ДЦ,85,2019,Чемпионат России
1,Кулаков Иван ,,1998,МСМК,Рязанская область,ДДЮ «Алые Паруса»,92.8,95,20,МСМК,Шматов И.Б.,,ДЦ,999,2019,Чемпионат России
2,Кичимаев Николай ,,1987,МСМК,г.Санкт-Петербург,СШОР им.Краевского /               ВС РФ,107.35,93,18,МСМК,Семенов А.Н.,,ДЦ,999,2019,Чемпионат России
3,Давыдов Денис,,1992,МСМК,Ярославская область,,87.55,92,16,МСМК,"Гоголев М.Н., Потапов К.И.",,ДЦ,999,2019,Чемпионат России
4,Турищев Дмитрий,,1992,МСМК,г.Москва,ВС РФ,96.9,87,15,МС,Савлова В.И.,,ДЦ,999,2019,Чемпионат России
5,Стаханов Валентин,,1990,МС,Омская область,,94.3,84,14,МС,"Анасенко А.В.,Павлов С.П.",,ДЦ,999,2019,Чемпионат России
6,Балабанов Сергей ,,1996,МСМК,Ростовская область,,99.9,80,13,МС,"Пастухов И.В., Добровольский А.С.",,ДЦ,999,2019,Чемпионат России
7,Калистратов Артем ,,1992,МС,Смоленская область,,92.5,74,12,КМС,Сергеев С.В,,ДЦ,999,2019,Чемпионат России
8,Коршунов Сергей ,,1990,МС,Томская область,,87.55,69,л,КМС,самостоятельно,,ДЦ,999,2019,Чемпионат России
9,Дударев Иван,,1999,МС,Томская область,,97.9,67,11,КМС,"Павлов В.Ю., Чепуштанов И.В.",,ДЦ,999,2019,Чемпионат России
10,Литвинко Валерий ,,1978,МСМК,г.Санкт-Петербург,СШОР им.Краевского ,93,30,л,,Никифоров А.В.,,ДЦ,999,2019,Чемпионат России
11,Дворцов Владимир,,1986,МС,Брянская область,,105.3,снят врачом,,,Гомонов В.Н.,,ДЦ,999,2019,Чемпионат России
1,Морозович Владислав,,1999,МСМК,Омская область,,63,66,20,МСМК,Сагандыков К.К.,,ДЦ,63,2020,Чемпионат России
2,Недорезов Василий,,1992,МСМК,Р. Бурятия,ВС,62.95,60,18,МСМК,"Любимский С. А. Рассадин А. А
Леонов С. Т
",,ДЦ,63,2020,Чемпионат России
3,Курунов Анатолий,,1999,КМС,Оренбургская область,СШ №1 им Л.Д.Ковалевского,62.35,55,16,МС+,Баранов В.В.,,ДЦ,63,2020,Чемпионат России
4,Жбанов Алексей ,,1986,МС,ХМАО-Югра,,62.8,52,15,МС,Барков А.П,,ДЦ,63,2020,Чемпионат России
5,Брюханов Константин ,,1978,МС,Г.Санкт-Петербург,,62.9,49,14,МС,Хвостов А.В.,,ДЦ,63,2020,Чемпионат России
6,Лупандин Сергей,,1997,МСМК,Белгородская область,,62.85,47,13,МС,Конев А.В.,,ДЦ,63,2020,Чемпионат России
7,Мамонтов Никита,,2003,КМС,Архангельская область,,62.25,45,12,МС,Мамонтов В.В.,,ДЦ,63,2020,Чемпионат России
8,Новиков Андрей ,,2001,КМС,Томская область,,62.83,45,11,МС,Чепуштанов И.В.,,ДЦ,63,2020,Чемпионат России
9,Новосёлов Андрей,,2004,1,Кировская область,"СШ""Юность""",62.05,41,10,КМС+,Малков Е.И.,,ДЦ,63,2020,Чемпионат России
10,Фомин Федор,,2004,МС,Белгородская область,СШОР№5,62.4,39,9,КМС,"Меркулин С.В.,",,ДЦ,63,2020,Чемпионат России
11,Бутенко Игорь,,1990,МС,Новосибирская область,,62.75,33,8,,Бутенко А.А.,,ДЦ,63,2020,Чемпионат России
12,Ливада Валерий ,,2000,КМС,Ростовская область,,54.1,31,7,,Ливада В.В.,,ДЦ,63,2020,Чемпионат России
1,Рябков Алексей ,,1993,МСМК,ХМАО-Югра,,68,78,20,МСМК,"Войнов А.Б.,,Алтухов Д.В.,Мартьянов А.В",,ДЦ,68,2020,Чемпионат России
2,Иванов Евгений ,,1997,МСМК,Смоленская область,СШОР№1 ВС,67.6,73,18,МСМК,Шванев В.Б.,,ДЦ,68,2020,Чемпионат России
3,Оленов Владимир ,,1991,МС,Р.Саха-Якутия,,68,67,16,МС,Дьячковский В.Н.,,ДЦ,68,2020,Чемпионат России
4,Камардин Максим ,,2002,КМС,Оренбургская область,СШ №1 им Л.Д.Ковалевского,67.3,64,15,МС+,"Павлов С.П.,Баранов В.В.",,ДЦ,68,2020,Чемпионат России
5,Сергеев Алексей ,,2001,1,ХМАО-Югра,,67.9,56,14,МС+,Садыков Р.И.,,ДЦ,68,2020,Чемпионат России
6,Хамидов Фахриддин ,,2002,МС,Калужская область,СШ «Маршал»,66.55,54,13,КМС,Барбакова Н.А.,,ДЦ,68,2020,Чемпионат России
7,Зарилов Илья,,2001,МС,Ярославская область,,67.65,50,12,КМС,Гоголев М.Н.,,ДЦ,68,2020,Чемпионат России
8,Шаров Максим ,,2000,КМС,Рязанская область,ДДЮ «Алые Паруса»,67.75,50,11,КМС,Ветров В.И.,,ДЦ,68,2020,Чемпионат России
9,Николаев Алексей,,1994,МС,Омская область,,66.05,45,10,КМС,Анасенко А.В.,,ДЦ,68,2020,Чемпионат России
10,Костин Александр ,,1994,МС,Г.Санкт-Петербург,"СШОР им.Краевского,ВС РФ",68,45,9,КМС,Дубровин Д.А.,,ДЦ,68,2020,Чемпионат России
11,Киякин Александр,,2001,КМС,Оренбургская область,СШ №1 им Л.Д.Ковалевского,66.2,37,8,,Баранов В.В.,,ДЦ,68,2020,Чемпионат России
12,Кашин Кирилл,,2003,1,Кировская область,"СШ""Юность""",67.6,36,7,,Малков Е.И.,,ДЦ,68,2020,Чемпионат России
13,Коломин Дмитрий,,1999,МС,Р. Бурятия,ВС,68,33,6,,"Рассадин А. А.Хлебодаров А. Г
Леонов С. Т
",,ДЦ,68,2020,Чемпионат России
14,Горлов Николай ,,1987,МС,Ростовская область,,68,29,5,,Веровский А.А.,,ДЦ,68,2020,Чемпионат России
15,Попенков Виталий ,,1979,КМС,Г.Санкт-Петербург,,67.85,25,4,,Васильев Д.Ю.,,ДЦ,68,2020,Чемпионат России
16,Балашов Максим,,1990,КМС,Ивановская область,,67.9,25,3,,,,ДЦ,68,2020,Чемпионат России
1,Беляев Иван ,,1992,ЗМС,ХМАО-Югра,,72.05,82,20,МСМК,"Шпартко М.А., Власов А.П",,ДЦ,73,2020,Чемпионат России
2,Каргин Сергей,,1998,МСМК,Р. Бурятия,ВС,71.6,76,18,МСМК,"Рассадин А. А.Каргин Я. Л
Леонов С. Т
",,ДЦ,73,2020,Чемпионат России
3,Баландин Андрей ,,1996,КМС,Курганская область,,72.35,71,16,МС+,"Банников А.И.,
Квашнин М.А.
",,ДЦ,73,2020,Чемпионат России
4,Гаджимутелимов Гаджимирза ,,1995,МСМК,Калужская область,СШ «Маршал»,72.35,70,15,МС,Трофимов М.А,,ДЦ,73,2020,Чемпионат России
5,Смирнов Владимир ,,1999,МСМК,Калужская область,СШ «Маршал»,72.6,70,14,МС,Трофимов М.А,,ДЦ,73,2020,Чемпионат России
6,Сарсембаев Ильяс,,1999,МС,ЯНАО,,72.85,67,13,МС,Латыпов Е.А.,,ДЦ,73,2020,Чемпионат России
7,Харченко Иван,,2001,КМС,Омская область,,72.7,62,12,МС+,"Козленко В.Н., Харченко С.М.",,ДЦ,73,2020,Чемпионат России
8,Заварзин Павел,,2000,МС,Оренбургская область,СШ №1 им Л.Д.Ковалевского,72.65,57,11,КМС,Баранов В.В.,,ДЦ,73,2020,Чемпионат России
9,Серебряков Александр,,1991,КМС,Архангельская область,,72.35,56,10,КМС,Самостоятельно,,ДЦ,73,2020,Чемпионат России
10,Иванов Евгений,,1987,МС,Забайкальский край,,72.75,52,9,КМС,Руднев С.А.,,ДЦ,73,2020,Чемпионат России
11,Харченко Никита,,2001,КМС,Омская область,,70.85,50,8,КМС,"Козленко В.Н., Харченко С.М.",,ДЦ,73,2020,Чемпионат России
12,Петров Сергей ,,1993,МС,Г.Санкт-Петербург,,71.5,49,7,КМС,Семенов А.Н.,,ДЦ,73,2020,Чемпионат России
13,Ажермачев Данил ,,2001,1,Томская область,,72.45,48,6,КМС+,Ажермачев А.Б.,,ДЦ,73,2020,Чемпионат России
14,Кадыков Павел ,,1990,КМС,Калужская область,,72.95,42,5,,Трофимов М.А,,ДЦ,73,2020,Чемпионат России
1,Давыдов Денис,,1992,МСМК,Ярославская область,,83.75,92,20,МСМК,Гоголев М.Н.,,ДЦ,85,2020,Чемпионат России
2,Рысник Сергей ,,1995,МСМК,Омская область,,84.85,92,18,МСМК,"Елисеев В.С.,
Переверзев Н.И.
",,ДЦ,85,2020,Чемпионат России
3,Клёпиков Артём,,1998,МСМК,Кировская область,"СШ""Юность""",84.8,91,16,МСМК,Малков Е.И.,,ДЦ,85,2020,Чемпионат России
4,Самочернов Иван ,,1998,МСМК,Курганская область,,84.9,85,15,МСМК,"Стрекаловских К.С.,Колобов Е.В.",,ДЦ,85,2020,Чемпионат России
5,Чуев Павел ,,1997,МСМК,Г.Санкт-Петербург,"СШОР им.Краевского,ВС РФ",83.55,84,14,МСМК,Кириллов С.А.,,ДЦ,85,2020,Чемпионат России
6,Любимский Сергей ,,1992,МСМК,Р. Бурятия,ВС,83.05,83,13,МСМК,"Ташланов И. С. Блохин И. А
Леонов С. Т
",,ДЦ,85,2020,Чемпионат России
7,Черкашин Иван ,,1999,МСМК,Томская область,,84.55,81,12,МСМК,Тимофеев Н.А.,,ДЦ,85,2020,Чемпионат России
8,Бородынкин Олег,,2002,КМС,Новосибирская область,,83.7,80,11,МС,"Баер П.А.
Баев А.Е.
",,ДЦ,85,2020,Чемпионат России
9,Селиверстов Семен ,,1989,МСМК,Челябинская область,Олимп,84.4,78,10,МС,Нестеренко Д.В. Ташланов И.С.,,ДЦ,85,2020,Чемпионат России
10,Сагандыков Асет ,,1996,МС,Г.Санкт-Петербург,"СШОР им.Краевского,ВС РФ",82.05,64,9,КМС,Катаев И.В.,,ДЦ,85,2020,Чемпионат России
11,Денисов Антон ,,1983,МС,Ростовская область,,83.45,60,8,КМС,Самостоятельно,,ДЦ,85,2020,Чемпионат России
12,Литвинов Дмитрий ,,1995,МС,Омская область,,78.95,59,7,КМС,Елисеев В.С.,,ДЦ,85,2020,Чемпионат России
13,Укуричев Григорий,,1981,КМС,Р.Калмыкия,,84.7,59,6,КМС,Самостоятельно,,ДЦ,85,2020,Чемпионат России
14,Зусупов Тимур ,,2001,КМС,Оренбургская область,СШ №1 им Л.Д.Ковалевского,79.5,52,5,,МедведевА.А,,ДЦ,85,2020,Чемпионат России
15,Береза Егор ,,2003,КМС,Калужская область,СШ «Маршал»,74.4,50,4,,Пянко И.А.,,ДЦ,85,2020,Чемпионат России
16,Кокшаров Сергей ,,1988,КМС,Красноярский край,,83.5,50,3,,Самостоятельно,,ДЦ,85,2020,Чемпионат России
17,Липовцев Артем ,,1992,КМС,Калужская область,СШ «Маршал»,78.95,47,2,,Трофимов М.А,,ДЦ,85,2020,Чемпионат России
18,Раковицкий Вячеслав ,,1986,1,Г.Санкт-Петербург,,84.8,45,1,,Смирнов А.,,ДЦ,85,2020,Чемпионат России
19,Алцыбеев Никита,,2003,1,Кировская область,"СШ""Юность""",78.5,41,1,,Малков Е.И.,,ДЦ,85,2020,Чемпионат России
20,Петухов Александр,,1991,МС,Новосибирская область,,84.4,41,1,,Бутенко А.А.,,ДЦ,85,2020,Чемпионат России
21,Шалимов Евгений,,1987,КМС,Орловская область,МБУ ДО ДЮСШ № 7,85,40,л,,,,ДЦ,85,2020,Чемпионат России
1,Балабанов Сергей ,,1996,МСМК,Ростовская область,,98.4,93,20,МСМК,"Пастухов И.В.
Добровольсий А.С.
",,ДЦ,999,2020,Чемпионат России
2,Меметов Энвер,,1989,МСМК,Р.Крым,,103.4,89,18,МСМК,Эмирасанов Э.К.,,ДЦ,999,2020,Чемпионат России
3,Нургалиев Родион ,,1979,МС,Свердловская область,ПФ,91.65,85,16,МС,Чагаев А. Е.,,ДЦ,999,2020,Чемпионат России
4,Шевелёв Дмитрий ,,1989,МС,Новосибирская область+Алтайский край,,116.75,83,15,МС,Рябченко А.В.,,ДЦ,999,2020,Чемпионат России
5,Турищев Дмитрий ,,1992,МСМК,Г. Москва,,97.75,76,14,МС,Савлова В.И.,,ДЦ,999,2020,Чемпионат России
6,Янголенко Даниил,,2000,МС,Томская область,,85.1,74,13,КМС,Полянский В.С.,,ДЦ,999,2020,Чемпионат России
7,Гуров Владимир ,,1978,ЗМС,Калужская область,СШ «Маршал»,91.85,74,12,КМС,Трофимов М.А,,ДЦ,999,2020,Чемпионат России
8,Топоров Александр ,,1980,МС,Курганская область,,92,61,11,КМС,Стрекаловских С.К.,,ДЦ,999,2020,Чемпионат России
9,Дударев Иван ,,1999,МС,Томская область,,106.95,56,10,,"Павлов В.Ю., Чепуштанов И.В.",,ДЦ,999,2020,Чемпионат России
10,Чирков Леонид ,,2003,КМС,Калужская область,,102.95,54,9,,Гуров В.А.,,ДЦ,999,2020,Чемпионат России
11,Кудинов Константин,,2000,КМС,Омская область,,85.35,50,8,,Козленко В.Н.,,ДЦ,999,2020,Чемпионат России
12,Кравцов Андрей,,1981,ЗМС,Липецкая область,,89.75,50,7,,Новиков И.В.,,ДЦ,999,2020,Чемпионат России
13,Кузьменков Алексей,,1999,КМС,Брянская область,ПФ,101.9,36,6,,"Гомонов В.Н.,Курохтин И.А.",,ДЦ,999,2020,Чемпионат России
